-- --------------------------------------------------------
-- Host:                         127.0.0.1
-- Server version:               5.7.32-log - MySQL Community Server (GPL)
-- Server OS:                    Win64
-- HeidiSQL Version:             11.2.0.6213
-- --------------------------------------------------------

/*!40101 SET @OLD_CHARACTER_SET_CLIENT=@@CHARACTER_SET_CLIENT */;
/*!40101 SET NAMES utf8 */;
/*!50503 SET NAMES utf8mb4 */;
/*!40014 SET @OLD_FOREIGN_KEY_CHECKS=@@FOREIGN_KEY_CHECKS, FOREIGN_KEY_CHECKS=0 */;
/*!40101 SET @OLD_SQL_MODE=@@SQL_MODE, SQL_MODE='NO_AUTO_VALUE_ON_ZERO' */;
/*!40111 SET @OLD_SQL_NOTES=@@SQL_NOTES, SQL_NOTES=0 */;


-- Dumping database structure for adc
CREATE DATABASE IF NOT EXISTS `adc` /*!40100 DEFAULT CHARACTER SET utf8 */;
USE `adc`;

-- Dumping structure for table adc.account_detail
CREATE TABLE IF NOT EXISTS `account_detail` (
  `id` bigint(20) NOT NULL AUTO_INCREMENT,
  `created_on` timestamp NOT NULL DEFAULT CURRENT_TIMESTAMP,
  `updated_on` timestamp NULL DEFAULT NULL,
  `acct_number` varchar(255) DEFAULT NULL,
  `acct_status` varchar(255) DEFAULT NULL,
  `acct_title` varchar(255) DEFAULT NULL,
  `acct_type` varchar(255) DEFAULT NULL,
  `cnic` varchar(255) DEFAULT NULL,
  `email` varchar(255) DEFAULT NULL,
  `iban` varchar(255) NOT NULL,
  `mobile_number` varchar(255) DEFAULT NULL,
  `ntn` varchar(255) DEFAULT NULL,
  PRIMARY KEY (`id`) USING BTREE,
  UNIQUE KEY `UK_jcnbygge8ecbc0ka7v5c0xwvh` (`iban`) USING BTREE
) ENGINE=InnoDB AUTO_INCREMENT=5 DEFAULT CHARSET=utf8 ROW_FORMAT=DYNAMIC;

-- Dumping data for table adc.account_detail: ~3 rows (approximately)
/*!40000 ALTER TABLE `account_detail` DISABLE KEYS */;
REPLACE INTO `account_detail` (`id`, `created_on`, `updated_on`, `acct_number`, `acct_status`, `acct_title`, `acct_type`, `cnic`, `email`, `iban`, `mobile_number`, `ntn`) VALUES
	(1, '2021-03-01 11:16:04', '2021-03-01 11:16:04', '1020499502135', '600', 'Dawood Hercules', '701', '4210134567890', 'abc@psw.gov.pk', 'PK36SCBL0010001123456005', '03451234567', '0425425'),
	(2, '2021-03-01 11:16:04', '2021-03-01 11:16:04', 'act 123', '600', 'JS Bank', '701', 'cnic 1234', '123@psw.pk', 'PK123', '0300 123', 'ntn 123'),
	(3, '2021-03-01 11:16:04', '2021-03-01 11:16:04', 'act 333', '600', 'Slik Bank', '701', 'cnic 333', '333@psw.pk', 'PK333', '0300 333', 'ntn 333'),
	(4, '2021-03-01 11:16:04', '2021-03-01 11:16:04', 'act 444', '600', 'Sonari Bank', '701', 'cnic 444', '444@psw.pk', 'PK444', '0300 444', 'ntn 444');
/*!40000 ALTER TABLE `account_detail` ENABLE KEYS */;

-- Dumping structure for table adc.authorized_payment_modes
CREATE TABLE IF NOT EXISTS `authorized_payment_modes` (
  `id` bigint(20) NOT NULL AUTO_INCREMENT,
  `code` varchar(255) DEFAULT NULL,
  `type` varchar(255) DEFAULT NULL,
  `account_id` bigint(20) NOT NULL,
  PRIMARY KEY (`id`),
  KEY `FK2rj5o7jkyogn8beno2c1vy5x5` (`account_id`),
  CONSTRAINT `FK2rj5o7jkyogn8beno2c1vy5x5` FOREIGN KEY (`account_id`) REFERENCES `account_detail` (`id`)
) ENGINE=InnoDB AUTO_INCREMENT=10 DEFAULT CHARSET=utf8;

-- Dumping data for table adc.authorized_payment_modes: ~9 rows (approximately)
/*!40000 ALTER TABLE `authorized_payment_modes` DISABLE KEYS */;
REPLACE INTO `authorized_payment_modes` (`id`, `code`, `type`, `account_id`) VALUES
	(1, '305', 'EXPORT', 1),
	(2, '306', 'EXPORT', 1),
	(3, '307', 'EXPORT', 1),
	(4, '301', 'IMPORT', 1),
	(5, '302', 'IMPORT', 1),
	(6, '303', 'IMPORT', 1),
	(7, '301', 'IMPORT', 2),
	(8, '302', 'IMPORT', 2),
	(9, '305', 'EXPORT', 2);
/*!40000 ALTER TABLE `authorized_payment_modes` ENABLE KEYS */;

-- Dumping structure for table adc.bca
CREATE TABLE IF NOT EXISTS `bca` (
  `id` bigint(20) NOT NULL AUTO_INCREMENT,
  `adjust_from_special_fcy_acc` decimal(24,4) DEFAULT NULL,
  `agent_commission_fcy` decimal(24,4) DEFAULT NULL,
  `allowed_discount` decimal(24,4) DEFAULT NULL,
  `allowed_discount_percentage` decimal(24,4) DEFAULT NULL,
  `amount_realized` decimal(24,4) DEFAULT NULL,
  `balance` decimal(24,4) DEFAULT NULL,
  `bca_date` datetime(6) NOT NULL,
  `bca_event_name` varchar(50) NOT NULL,
  `bca_fc` decimal(24,4) DEFAULT NULL,
  `bca_pkr` decimal(24,4) DEFAULT NULL,
  `bca_unique_number` varchar(30) NOT NULL,
  `bill_amount` decimal(24,4) DEFAULT NULL,
  `bill_dated` datetime(6) NOT NULL,
  `bill_number` varchar(20) NOT NULL,
  `currency` varchar(3) NOT NULL,
  `date_of_realized` datetime(6) NOT NULL,
  `eds_pkr` decimal(24,4) DEFAULT NULL,
  `event_date` datetime(6) NOT NULL,
  `exporter_name` varchar(100) NOT NULL,
  `exporter_ntn` varchar(9) NOT NULL,
  `fcy_exchange_rate` decimal(24,4) DEFAULT NULL,
  `fin_ins_unique_number` varchar(30) NOT NULL,
  `foreign_bank_charges_fcy` decimal(24,4) DEFAULT NULL,
  `gd_number` varchar(24) DEFAULT NULL,
  `iban` varchar(24) NOT NULL,
  `invoice_amount` decimal(24,4) DEFAULT NULL,
  `invoice_date` datetime(6) NOT NULL,
  `invoice_number` varchar(20) NOT NULL,
  `is_fin_ins_currency_diff` varchar(3) NOT NULL,
  `is_rem_amt_settled_with_discount` varchar(3) NOT NULL,
  `mode_of_payment` varchar(3) NOT NULL,
  `remarks` varchar(300) DEFAULT NULL,
  `running_serial_number` varchar(20) NOT NULL,
  `swift_reference` varchar(20) NOT NULL,
  `withholding_tax_pkr` decimal(24,4) DEFAULT NULL,
  PRIMARY KEY (`id`)
) ENGINE=InnoDB DEFAULT CHARSET=utf8;

-- Dumping data for table adc.bca: ~0 rows (approximately)
/*!40000 ALTER TABLE `bca` DISABLE KEYS */;
/*!40000 ALTER TABLE `bca` ENABLE KEYS */;

-- Dumping structure for table adc.bda
CREATE TABLE IF NOT EXISTS `bda` (
  `id` bigint(20) NOT NULL AUTO_INCREMENT,
  `amount_in_words` varchar(300) NOT NULL,
  `balance_bda_amount_fcy` decimal(24,4) DEFAULT NULL,
  `bda_amount_fcy` decimal(24,4) DEFAULT NULL,
  `bda_amount_pkr` decimal(24,4) DEFAULT NULL,
  `bda_date` datetime(6) NOT NULL,
  `bda_doc_ref_number` varchar(30) NOT NULL,
  `bda_unique_number` varchar(30) NOT NULL,
  `commission_amount_fcy` decimal(24,4) DEFAULT NULL,
  `commission_amount_pkr` decimal(24,4) DEFAULT NULL,
  `currency_fcy` varchar(3) NOT NULL,
  `exchange_rate_fcy` decimal(24,4) DEFAULT NULL,
  `fed_amount_pkr` decimal(24,4) DEFAULT NULL,
  `fed_fcy` decimal(24,4) DEFAULT NULL,
  `fin_ins_unique_number` varchar(30) NOT NULL,
  `gd_number` varchar(24) DEFAULT NULL,
  `iban` varchar(24) NOT NULL,
  `importer_name` varchar(100) NOT NULL,
  `importer_ntn` varchar(9) NOT NULL,
  `mode_of_payment` varchar(3) NOT NULL,
  `net_bda_amount_currency` varchar(3) NOT NULL,
  `net_bda_amount_fcy` decimal(24,4) DEFAULT NULL,
  `net_bda_amount_pkr` decimal(24,4) DEFAULT NULL,
  `other_charges_pkr` decimal(24,4) DEFAULT NULL,
  `remarks` varchar(300) DEFAULT NULL,
  `sample_amount_currency` varchar(3) DEFAULT NULL,
  `sample_amount_exclude` decimal(24,4) DEFAULT NULL,
  `swift_charges_pkr` decimal(24,4) DEFAULT NULL,
  `total_bda_amount_currency` varchar(3) DEFAULT NULL,
  `total_bda_amount_fcy` decimal(24,4) DEFAULT NULL,
  PRIMARY KEY (`id`)
) ENGINE=InnoDB AUTO_INCREMENT=2 DEFAULT CHARSET=utf8;

-- Dumping data for table adc.bda: ~0 rows (approximately)
/*!40000 ALTER TABLE `bda` DISABLE KEYS */;
REPLACE INTO `bda` (`id`, `amount_in_words`, `balance_bda_amount_fcy`, `bda_amount_fcy`, `bda_amount_pkr`, `bda_date`, `bda_doc_ref_number`, `bda_unique_number`, `commission_amount_fcy`, `commission_amount_pkr`, `currency_fcy`, `exchange_rate_fcy`, `fed_amount_pkr`, `fed_fcy`, `fin_ins_unique_number`, `gd_number`, `iban`, `importer_name`, `importer_ntn`, `mode_of_payment`, `net_bda_amount_currency`, `net_bda_amount_fcy`, `net_bda_amount_pkr`, `other_charges_pkr`, `remarks`, `sample_amount_currency`, `sample_amount_exclude`, `swift_charges_pkr`, `total_bda_amount_currency`, `total_bda_amount_fcy`) VALUES
	(1, '"Nine Million Seven Hundred Eighty-Nine Thousand Seven Hundred Eighty-Nine Dollars', 89789.0000, 89789.0000, 9785659.0000, '2021-04-10 11:39:46.000000', '0043545', '95948256321124', 1789.0000, 19789.0000, 'USD', 167.8630, 90789.0000, 8789.0000, '2009LCS3004700PK', 'KPPI-HC-86-03-09-2020', 'PK87HABB0007867901716910', 'Schlumberger Seaco Inc', '0425426', '301', 'USD', 89789.0000, 9789789.0000, 1200.0000, 'Cleared', 'USD', 100.0000, 6454.0000, 'USD', 89789.0000);
/*!40000 ALTER TABLE `bda` ENABLE KEYS */;

-- Dumping structure for table adc.cc_data
CREATE TABLE IF NOT EXISTS `cc_data` (
  `id` bigint(20) NOT NULL AUTO_INCREMENT,
  `adv_pay_percentage` decimal(7,4) DEFAULT NULL,
  `days` int(11) DEFAULT NULL,
  `doc_against_acceptance_percentage` decimal(7,4) DEFAULT NULL,
  `doc_against_pay_percentage` decimal(7,4) DEFAULT NULL,
  `total_percentage` decimal(7,4) NOT NULL,
  `fin_transaction_id` bigint(20) NOT NULL,
  PRIMARY KEY (`id`),
  KEY `FKqxc1sasb3nhv3nmxfynpektb3` (`fin_transaction_id`),
  CONSTRAINT `FKqxc1sasb3nhv3nmxfynpektb3` FOREIGN KEY (`fin_transaction_id`) REFERENCES `financial_transaction` (`id`)
) ENGINE=InnoDB AUTO_INCREMENT=3 DEFAULT CHARSET=utf8;

-- Dumping data for table adc.cc_data: ~2 rows (approximately)
/*!40000 ALTER TABLE `cc_data` DISABLE KEYS */;
REPLACE INTO `cc_data` (`id`, `adv_pay_percentage`, `days`, `doc_against_acceptance_percentage`, `doc_against_pay_percentage`, `total_percentage`, `fin_transaction_id`) VALUES
	(1, 50.0000, 10, 25.0100, 24.0900, 100.0000, 1),
	(2, 50.0000, 10, 25.0100, 24.0900, 100.0000, 2);
/*!40000 ALTER TABLE `cc_data` ENABLE KEYS */;

-- Dumping structure for table adc.change_bank
CREATE TABLE IF NOT EXISTS `change_bank` (
  `id` bigint(20) NOT NULL AUTO_INCREMENT,
  `created_on` timestamp NOT NULL DEFAULT CURRENT_TIMESTAMP,
  `updated_on` timestamp NULL DEFAULT NULL,
  `exporter_payment_mode` varchar(255) DEFAULT NULL,
  `exporter_ntn` varchar(255) DEFAULT NULL,
  `exporter_name` varchar(255) DEFAULT NULL,
  `payment_identification_no` varchar(255) DEFAULT NULL,
  PRIMARY KEY (`id`) USING BTREE,
  UNIQUE KEY `UK_o1g231dltg1i70ks97twfm13a` (`exporter_ntn`) USING BTREE,
  UNIQUE KEY `UK_jrckn9rjkbuow2ap76q7ho8dq` (`payment_identification_no`) USING BTREE
) ENGINE=InnoDB AUTO_INCREMENT=2 DEFAULT CHARSET=utf8 ROW_FORMAT=DYNAMIC;

-- Dumping data for table adc.change_bank: ~0 rows (approximately)
/*!40000 ALTER TABLE `change_bank` DISABLE KEYS */;
REPLACE INTO `change_bank` (`id`, `created_on`, `updated_on`, `exporter_payment_mode`, `exporter_ntn`, `exporter_name`, `payment_identification_no`) VALUES
	(1, '2021-03-08 15:42:42', NULL, NULL, NULL, NULL, NULL);
/*!40000 ALTER TABLE `change_bank` ENABLE KEYS */;

-- Dumping structure for table adc.country
CREATE TABLE IF NOT EXISTS `country` (
  `id` bigint(20) NOT NULL AUTO_INCREMENT,
  `code` varchar(255) DEFAULT NULL,
  `name` varchar(255) DEFAULT NULL,
  PRIMARY KEY (`id`) USING BTREE
) ENGINE=InnoDB AUTO_INCREMENT=9 DEFAULT CHARSET=utf8 ROW_FORMAT=DYNAMIC;

-- Dumping data for table adc.country: ~8 rows (approximately)
/*!40000 ALTER TABLE `country` DISABLE KEYS */;
REPLACE INTO `country` (`id`, `code`, `name`) VALUES
	(1, 'AUS', 'Australia'),
	(2, 'COL', 'Colombia'),
	(3, 'EGY', 'Egypt'),
	(4, 'IND', 'India'),
	(5, 'IRL', 'Ireland'),
	(6, 'ISR', 'Israel'),
	(7, 'MEX', 'Mexico'),
	(8, 'NPL', 'Nepal');
/*!40000 ALTER TABLE `country` ENABLE KEYS */;

-- Dumping structure for table adc.financial_transaction
CREATE TABLE IF NOT EXISTS `financial_transaction` (
  `id` bigint(20) NOT NULL AUTO_INCREMENT,
  `remarks` varchar(200) DEFAULT NULL,
  `fin_ins_uniq_num` varchar(30) NOT NULL,
  `final_date_of_shipment` datetime(6) DEFAULT NULL,
  `intended_payment_date` datetime(6) DEFAULT NULL,
  `pk_remittance` varchar(3) NOT NULL,
  `mode_of_payment` int(11) NOT NULL,
  `name` varchar(100) NOT NULL,
  `ntn` varchar(9) NOT NULL,
  `transport_document_date` datetime(6) DEFAULT NULL,
  `adv_pay_percentage` decimal(7,4) DEFAULT NULL,
  `open_acc_percentage` decimal(7,4) DEFAULT NULL,
  PRIMARY KEY (`id`)
) ENGINE=InnoDB AUTO_INCREMENT=3 DEFAULT CHARSET=utf8;

-- Dumping data for table adc.financial_transaction: ~1 rows (approximately)
/*!40000 ALTER TABLE `financial_transaction` DISABLE KEYS */;
REPLACE INTO `financial_transaction` (`id`, `remarks`, `fin_ins_uniq_num`, `final_date_of_shipment`, `intended_payment_date`, `pk_remittance`, `mode_of_payment`, `name`, `ntn`, `transport_document_date`, `adv_pay_percentage`, `open_acc_percentage`) VALUES
	(1, 'For industry use', '2009LCS3004700PK', '2021-01-08 15:47:51.000000', '2021-04-08 15:48:02.000000', 'Y', 301, 'Schlumberger Seaco Inc', '0425425', '2021-03-22 15:48:09.000000', NULL, NULL),
	(2, 'For industry use', '2009LCS3004700PK', '2021-01-08 15:47:51.000000', '2021-04-08 15:48:02.000000', 'Y', 301, 'Schlumberger Seaco Inc', '0425425', '2021-03-22 15:48:09.000000', 62.0000, 65.0000);
/*!40000 ALTER TABLE `financial_transaction` ENABLE KEYS */;

-- Dumping structure for table adc.fin_trans_mop
CREATE TABLE IF NOT EXISTS `fin_trans_mop` (
  `id` bigint(20) NOT NULL AUTO_INCREMENT,
  `mode_of_payment` varchar(3) NOT NULL,
  `financial_transaction_id` bigint(20) NOT NULL,
  PRIMARY KEY (`id`),
  KEY `FKbd5yy89y6eoe9m0phijom3r6v` (`financial_transaction_id`),
  CONSTRAINT `FKbd5yy89y6eoe9m0phijom3r6v` FOREIGN KEY (`financial_transaction_id`) REFERENCES `financial_transaction` (`id`)
) ENGINE=InnoDB AUTO_INCREMENT=3 DEFAULT CHARSET=utf8;

-- Dumping data for table adc.fin_trans_mop: ~2 rows (approximately)
/*!40000 ALTER TABLE `fin_trans_mop` DISABLE KEYS */;
REPLACE INTO `fin_trans_mop` (`id`, `mode_of_payment`, `financial_transaction_id`) VALUES
	(1, '304', 2),
	(2, '301', 2);
/*!40000 ALTER TABLE `fin_trans_mop` ENABLE KEYS */;

-- Dumping structure for table adc.gd
CREATE TABLE IF NOT EXISTS `gd` (
  `id` bigint(20) NOT NULL AUTO_INCREMENT,
  `bl_awb_date` datetime(6) NOT NULL,
  `bl_awb_num` varchar(50) NOT NULL,
  `collectorate` varchar(100) NOT NULL,
  `consignee_address` varchar(300) NOT NULL,
  `consignee_name` varchar(100) NOT NULL,
  `consignment_category` varchar(50) NOT NULL,
  `consignor_address` varchar(300) NOT NULL,
  `consignor_name` varchar(100) NOT NULL,
  `gd_number` varchar(24) NOT NULL,
  `gd_type` varchar(30) NOT NULL,
  `gross_weight` varchar(20) NOT NULL,
  `net_weight` varchar(20) NOT NULL,
  `ntn_ftn` varchar(9) NOT NULL,
  `port_of_delivery` varchar(10) NOT NULL,
  `port_of_discharge` varchar(10) NOT NULL,
  `port_of_shipment` varchar(10) NOT NULL,
  `strn` varchar(13) NOT NULL,
  `terminal_location` varchar(70) NOT NULL,
  `vir_air_num` varchar(50) NOT NULL,
  `fin_transaction_id` bigint(20) NOT NULL,
  `consignment_type` varchar(20) DEFAULT NULL,
  `shipping_line` varchar(20) DEFAULT NULL,
  PRIMARY KEY (`id`),
  KEY `FKkfehbmfbbnmf5tmeffiqr6ve7` (`fin_transaction_id`),
  CONSTRAINT `FKkfehbmfbbnmf5tmeffiqr6ve7` FOREIGN KEY (`fin_transaction_id`) REFERENCES `financial_transaction` (`id`)
) ENGINE=InnoDB DEFAULT CHARSET=utf8;

-- Dumping data for table adc.gd: ~0 rows (approximately)
/*!40000 ALTER TABLE `gd` DISABLE KEYS */;
/*!40000 ALTER TABLE `gd` ENABLE KEYS */;

-- Dumping structure for table adc.gd_container_vehicle_info
CREATE TABLE IF NOT EXISTS `gd_container_vehicle_info` (
  `id` bigint(20) NOT NULL AUTO_INCREMENT,
  `container_truck_number` varchar(25) NOT NULL,
  `container_type` varchar(10) NOT NULL,
  `seal_number` varchar(20) NOT NULL,
  `gd_id` bigint(20) NOT NULL,
  PRIMARY KEY (`id`),
  KEY `FKli5y7799rxo8dk7q36l76r6ti` (`gd_id`),
  CONSTRAINT `FKli5y7799rxo8dk7q36l76r6ti` FOREIGN KEY (`gd_id`) REFERENCES `gd` (`id`)
) ENGINE=InnoDB DEFAULT CHARSET=utf8;

-- Dumping data for table adc.gd_container_vehicle_info: ~0 rows (approximately)
/*!40000 ALTER TABLE `gd_container_vehicle_info` DISABLE KEYS */;
/*!40000 ALTER TABLE `gd_container_vehicle_info` ENABLE KEYS */;

-- Dumping structure for table adc.gd_financial
CREATE TABLE IF NOT EXISTS `gd_financial` (
  `id` bigint(20) NOT NULL AUTO_INCREMENT,
  `created_on` timestamp NOT NULL DEFAULT CURRENT_TIMESTAMP,
  `updated_on` timestamp NULL DEFAULT NULL,
  `gd_number` varchar(255) DEFAULT NULL,
  `gd_type` varchar(255) DEFAULT NULL,
  `gd_object` varchar(4000) DEFAULT NULL,
  PRIMARY KEY (`id`) USING BTREE,
  UNIQUE KEY `UK_g2uoe04th02i8crxtagr0d2sc` (`gd_number`) USING BTREE
) ENGINE=InnoDB AUTO_INCREMENT=21 DEFAULT CHARSET=utf8 ROW_FORMAT=DYNAMIC;

-- Dumping data for table adc.gd_financial: ~0 rows (approximately)
/*!40000 ALTER TABLE `gd_financial` DISABLE KEYS */;
REPLACE INTO `gd_financial` (`id`, `created_on`, `updated_on`, `gd_number`, `gd_type`, `gd_object`) VALUES
	(20, '2021-03-09 10:26:36', NULL, 'IMPORT-HC-86-03-09-2020', 'IMPORT', '{\r\n  "gdNumber" : "IMPORT-HC-86-03-09-2020",\r\n  "blawbDate" : "20201012",\r\n  "consignerConsigneeInfo" : {\r\n    "ntnFtn" : "1425425",\r\n    "strn" : "1700003019489",\r\n    "consigneeName" : "PSW",\r\n    "consigneeAddress" : "PECHS",\r\n    "consignorName" : "M/S. International Jute Traders",\r\n    "consignorAddress" : "95, MOTIJHEEL COMMERCIAL AREA (2ND FLOOR) BANGLADESH."\r\n  },\r\n  "virairNumber" : "KEWB-0005-010112020",\r\n  "consignmentCategory" : "Commercial",\r\n  "financialInfo" : {\r\n    "beneficiaryName" : "Ahmed",\r\n    "beneficiaryAddress" : "122 M Amir trade center, Allama Iqbal Road، Karachi.",\r\n    "beneficiaryCountry" : "PAK",\r\n    "beneficiaryIban" : "PK36BAHL0010001123456005",\r\n    "exporterName" : "Alex George",\r\n    "exporterAddress" : "Jabel Omar, Building No. 244, 26th Floor, Abu Dhabi, UAE.",\r\n    "exporterCountry" : "DXB",\r\n    "modeOfPayment" : "Contract/Collection",\r\n    "contractData" : {\r\n      "advPayPercentage" : 50,\r\n      "docAgainstPayPercentage" : 25,\r\n      "docAgainstAcceptancePercentage" : 25,\r\n      "days" : 10,\r\n      "totalPercentage" : 100\r\n    },\r\n    "intendedPayDate" : "20200924",\r\n    "transportDocDate" : "20201012",\r\n    "invoiceCurrency" : "USD",\r\n    "invoiceNumber" : "AS1234567",\r\n    "invoiceDate" : "20200223",\r\n    "invoiceValue" : 10000,\r\n    "deliveryTerm" : "CFR",\r\n    "paymentTerms" : "Collection",\r\n    "fobValue" : 100,\r\n    "freight" : 1,\r\n    "cfrValue" : 1,\r\n    "insurance" : 0,\r\n    "landingCharges" : 100,\r\n    "assessedValue" : 50,\r\n    "OtherCharges" : 0,\r\n    "exchangeRate" : 158\r\n  },\r\n  "blawbNumber" : "BL-24923231",\r\n  "itemInformation" : {\r\n    "hsCode" : "8446.1000",\r\n    "quantity" : 6,\r\n    "unitPrice" : 20,\r\n    "totalValue" : 120,\r\n    "importValue" : 120,\r\n    "importValueInvoice" : 1000\r\n  },\r\n  "gdType" : "Home Consumption",\r\n  "generalInformation" : {\r\n    "numberOfPackages" : "100.0000",\r\n    "packageType" : "Packages",\r\n    "netWeight" : "1.89400 MT",\r\n    "grossWeight" : "1.11400 MT",\r\n    "containerOrTruckNumber" : "ASF9999991",\r\n    "sealNumber" : "SL2674",\r\n    "containerType" : "20FT",\r\n    "portOfShipment" : "CHN",\r\n    "portOfDelivery" : "PKBQM",\r\n    "portOfDischarge" : "AEDXB",\r\n    "terminalLocation" : "Qasim International Container Terminal"\r\n  },\r\n  "collectorate" : "Qasim International Container Terminal"\r\n}');
/*!40000 ALTER TABLE `gd_financial` ENABLE KEYS */;

-- Dumping structure for table adc.gd_package
CREATE TABLE IF NOT EXISTS `gd_package` (
  `id` bigint(20) NOT NULL AUTO_INCREMENT,
  `gross_weight` varchar(20) NOT NULL,
  `net_weight` varchar(20) NOT NULL,
  `number_of_packages` decimal(19,4) NOT NULL,
  `package_type` varchar(20) NOT NULL,
  `gd_id` bigint(20) NOT NULL,
  PRIMARY KEY (`id`),
  KEY `FKh17liou3pulgpjakjiyi6dah0` (`gd_id`),
  CONSTRAINT `FKh17liou3pulgpjakjiyi6dah0` FOREIGN KEY (`gd_id`) REFERENCES `gd` (`id`)
) ENGINE=InnoDB DEFAULT CHARSET=utf8;

-- Dumping data for table adc.gd_package: ~0 rows (approximately)
/*!40000 ALTER TABLE `gd_package` DISABLE KEYS */;
/*!40000 ALTER TABLE `gd_package` ENABLE KEYS */;

-- Dumping structure for table adc.item_information
CREATE TABLE IF NOT EXISTS `item_information` (
  `id` bigint(20) NOT NULL AUTO_INCREMENT,
  `country_of_origin` varchar(3) NOT NULL,
  `goods_description` varchar(100) NOT NULL,
  `hs_code` varchar(14) NOT NULL,
  `quantity` int(11) NOT NULL,
  `sample` varchar(3) NOT NULL,
  `sample_value` varchar(20) DEFAULT NULL,
  `uom` varchar(3) DEFAULT NULL,
  `fin_transaction_id` bigint(20) NOT NULL,
  `import_or_export_value` decimal(24,4) DEFAULT NULL,
  `unit_price` decimal(24,4) DEFAULT NULL,
  PRIMARY KEY (`id`),
  KEY `FK3m1vt5a6pe9vxtcrh1y0h2ogb` (`fin_transaction_id`),
  CONSTRAINT `FK3m1vt5a6pe9vxtcrh1y0h2ogb` FOREIGN KEY (`fin_transaction_id`) REFERENCES `financial_transaction` (`id`)
) ENGINE=InnoDB AUTO_INCREMENT=5 DEFAULT CHARSET=utf8;

-- Dumping data for table adc.item_information: ~4 rows (approximately)
/*!40000 ALTER TABLE `item_information` DISABLE KEYS */;
REPLACE INTO `item_information` (`id`, `country_of_origin`, `goods_description`, `hs_code`, `quantity`, `sample`, `sample_value`, `uom`, `fin_transaction_id`, `import_or_export_value`, `unit_price`) VALUES
	(1, 'CHN', 'FOR WEAVING FABRICS OF A WIDTH NOT EXCEEDING ', '8446.1000', 5, 'Y', '1000.0000', 'KG', 1, NULL, NULL),
	(2, 'CHN', 'FOR WEAVING FABRICS OF A WIDTH NOT EXCEEDING ', '9246.1000', 2, 'N', '', 'KG', 1, NULL, NULL),
	(3, 'CHN', 'FOR WEAVING FABRICS OF A WIDTH NOT EXCEEDING ', '8446.1000', 5, 'Y', '1000.0000', 'KG', 2, NULL, NULL),
	(4, 'CHN', 'FOR WEAVING FABRICS OF A WIDTH NOT EXCEEDING ', '9246.1000', 2, 'N', '', 'KG', 2, NULL, NULL);
/*!40000 ALTER TABLE `item_information` ENABLE KEYS */;

-- Dumping structure for table adc.lc_data
CREATE TABLE IF NOT EXISTS `lc_data` (
  `id` bigint(20) NOT NULL AUTO_INCREMENT,
  `adv_pay_percentage` decimal(7,4) DEFAULT NULL,
  `days` int(11) DEFAULT NULL,
  `sight_percentage` decimal(7,4) DEFAULT NULL,
  `total_percentage` decimal(7,4) NOT NULL,
  `usance_percentage` decimal(7,4) DEFAULT NULL,
  `fin_transaction_id` bigint(20) NOT NULL,
  PRIMARY KEY (`id`),
  KEY `FKlk9l582pipuo7ah62rfb7k2ih` (`fin_transaction_id`),
  CONSTRAINT `FKlk9l582pipuo7ah62rfb7k2ih` FOREIGN KEY (`fin_transaction_id`) REFERENCES `financial_transaction` (`id`)
) ENGINE=InnoDB AUTO_INCREMENT=3 DEFAULT CHARSET=utf8;

-- Dumping data for table adc.lc_data: ~2 rows (approximately)
/*!40000 ALTER TABLE `lc_data` DISABLE KEYS */;
REPLACE INTO `lc_data` (`id`, `adv_pay_percentage`, `days`, `sight_percentage`, `total_percentage`, `usance_percentage`, `fin_transaction_id`) VALUES
	(1, 50.0000, 10, 25.0000, 100.0000, 25.0000, 1),
	(2, 50.0000, 10, 25.0000, 100.0000, 25.0000, 2);
/*!40000 ALTER TABLE `lc_data` ENABLE KEYS */;

-- Dumping structure for table adc.log_request
CREATE TABLE IF NOT EXISTS `log_request` (
  `id` bigint(20) NOT NULL AUTO_INCREMENT,
  `created_on` timestamp NOT NULL DEFAULT CURRENT_TIMESTAMP,
  `updated_on` timestamp NULL DEFAULT NULL,
  `msg_identifier` varchar(255) NOT NULL,
  `receiver_id` varchar(255) NOT NULL,
  `request_method` varchar(255) NOT NULL,
  `request_payload` text,
  `request_time` timestamp NULL DEFAULT CURRENT_TIMESTAMP,
  `response_code` int(11) NOT NULL,
  `response_message` varchar(255) NOT NULL,
  `response_payload` text,
  `response_time` timestamp NULL DEFAULT CURRENT_TIMESTAMP,
  `sender_id` varchar(255) NOT NULL,
  PRIMARY KEY (`id`) USING BTREE
) ENGINE=InnoDB AUTO_INCREMENT=68 DEFAULT CHARSET=utf8 ROW_FORMAT=DYNAMIC;

-- Dumping data for table adc.log_request: ~61 rows (approximately)
/*!40000 ALTER TABLE `log_request` DISABLE KEYS */;
REPLACE INTO `log_request` (`id`, `created_on`, `updated_on`, `msg_identifier`, `receiver_id`, `request_method`, `request_payload`, `request_time`, `response_code`, `response_message`, `response_payload`, `response_time`, `sender_id`) VALUES
	(1, '2021-04-03 11:55:13', NULL, 'Sharing of Update Information and Payment Mode By AD', 'PSW', 'POST', '{\r\n  "messageId" : "940b2c1c-92b6-11eb-a8b3-0242ac130003",\r\n  "timestamp" : 1617432912016,\r\n  "senderId" : "SLKB",\r\n  "receiverId" : "PSW",\r\n  "processingCode" : "03",\r\n  "methodId" : "1512",\r\n  "signature" : "SLKB_SIGNATURE_ABCBC",\r\n  "data" : {\r\n    "iban" : "PK 123213123",\r\n    "accountTitle" : null,\r\n    "accountNumber" : null,\r\n    "accountStatus" : null,\r\n    "accountType" : "701",\r\n    "ntn" : null,\r\n    "cnic" : null,\r\n    "authorizedPaymentModesForImport" : [ ],\r\n    "authorizedPaymentModesForExports" : [ ]\r\n  }\r\n}', '2021-04-03 11:55:12', 200, 'Updated authorized payment modes', '{\r\n  "messageId" : "940b2c1c-92b6-11eb-a8b3-0242ac130003",\r\n  "timestamp" : 1617432912016,\r\n  "senderId" : "SLKB",\r\n  "receiverId" : "SLKB",\r\n  "responseCode" : "200",\r\n  "signature" : "SLKB_SIGNATURE_ABCBC",\r\n  "message" : {\r\n    "code" : "200",\r\n    "description" : "Updated authorized payment modes"\r\n  },\r\n  "data" : "",\r\n  "methodId" : "1512"\r\n}', '2021-04-03 11:55:13', 'SLKB'),
	(2, '2021-04-03 12:19:05', NULL, 'Verify Trader Profile From AD', 'SCBL', 'POST', '{\r\n  "messageId" : "a1374655-5eb8-4a0e-9eb5-989521cd1ca8",\r\n  "timestamp" : 20200925183412,\r\n  "senderId" : "PSW",\r\n  "receiverId" : "SCBL",\r\n  "processingCode" : "03",\r\n  "methodId" : null,\r\n  "signature" : "82045ede93efbbcbea55da67c6655e9b",\r\n  "data" : {\r\n    "ntn" : "ntn 123",\r\n    "iban" : "PK123",\r\n    "email" : "123@psw.pk",\r\n    "mobileNumber" : "0300 123",\r\n    "gdNumber" : null\r\n  }\r\n}', '2021-04-03 12:19:05', 207, 'IBAN verification successful.', '{\r\n  "messageId" : "a1374655-5eb8-4a0e-9eb5-989521cd1ca8",\r\n  "timestamp" : 20200925183412,\r\n  "senderId" : "SLKB",\r\n  "receiverId" : "PSW",\r\n  "responseCode" : "207",\r\n  "signature" : "82045ede93efbbcbea55da67c6655e9b",\r\n  "message" : {\r\n    "code" : "207",\r\n    "description" : "IBAN verification successful."\r\n  },\r\n  "data" : ""\r\n}', '2021-04-03 12:19:05', 'PSW'),
	(3, '2021-04-03 12:19:08', NULL, 'Sharing of Account Details & Authorized Payment Modes', 'SCBL', 'POST', '{\r\n  "messageId" : "a1374655-5eb8-4a0e-9eb5-989521cd1ca8",\r\n  "timestamp" : 20200925183412,\r\n  "senderId" : "PSW",\r\n  "receiverId" : "SCBL",\r\n  "processingCode" : "03",\r\n  "methodId" : null,\r\n  "signature" : "82045ede93efbbcbea55da67c6655e9b",\r\n  "data" : {\r\n    "ntn" : null,\r\n    "iban" : "PK123",\r\n    "email" : null,\r\n    "mobileNumber" : null,\r\n    "gdNumber" : null\r\n  }\r\n}', '2021-04-03 12:19:08', 200, 'Account details and authorized payment modes shared.', '{\r\n  "messageId" : "a1374655-5eb8-4a0e-9eb5-989521cd1ca8",\r\n  "timestamp" : 20200925183412,\r\n  "senderId" : "SLKB",\r\n  "receiverId" : "PSW",\r\n  "responseCode" : "200",\r\n  "signature" : "82045ede93efbbcbea55da67c6655e9b",\r\n  "message" : {\r\n    "code" : "200",\r\n    "description" : "Account details and authorized payment modes shared."\r\n  },\r\n  "data" : {\r\n    "iban" : "PK123",\r\n    "accountTitle" : "JS Bank",\r\n    "accountNumber" : "act 123",\r\n    "accountStatus" : "600",\r\n    "accountType" : "701",\r\n    "ntn" : "ntn 123",\r\n    "cnic" : "cnic 1234",\r\n    "authorizedPaymentModesForImport" : [ "301", "302" ],\r\n    "authorizedPaymentModesForExports" : [ "305" ]\r\n  }\r\n}', '2021-04-03 12:19:08', 'PSW'),
	(4, '2021-04-03 12:19:10', NULL, 'Sharing Negative List of Countries', 'SCBL', 'POST', '{\r\n  "messageId" : "a1374655-5eb8-4a0e-9eb5-989521cd1ca8",\r\n  "timestamp" : 20200925183412,\r\n  "senderId" : "PSW",\r\n  "receiverId" : "SCBL",\r\n  "processingCode" : "03",\r\n  "methodId" : null,\r\n  "signature" : "82045ede93efbbcbea55da67c6655e9b",\r\n  "data" : {\r\n    "ntn" : null,\r\n    "iban" : "PK123",\r\n    "email" : null,\r\n    "mobileNumber" : null,\r\n    "gdNumber" : null\r\n  }\r\n}', '2021-04-03 12:19:10', 200, 'Negative list of countries shared.', '{\r\n  "messageId" : "a1374655-5eb8-4a0e-9eb5-989521cd1ca8",\r\n  "timestamp" : 20200925183412,\r\n  "senderId" : "SLKB",\r\n  "receiverId" : "PSW",\r\n  "responseCode" : "200",\r\n  "signature" : "82045ede93efbbcbea55da67c6655e9b",\r\n  "message" : {\r\n    "code" : "200",\r\n    "description" : "Negative list of countries shared."\r\n  },\r\n  "data" : {\r\n    "iban" : "PK123",\r\n    "restrictedCountriesForImport" : [ ],\r\n    "restrictedCountriesForExport" : [ "IND" ]\r\n  }\r\n}', '2021-04-03 12:19:10', 'PSW'),
	(5, '2021-04-03 12:19:13', NULL, 'Sharing Negative List of Countries', 'SCBL', 'POST', '{\r\n  "messageId" : "a1374655-5eb8-4a0e-9eb5-989521cd1ca8",\r\n  "timestamp" : 20200925183412,\r\n  "senderId" : "PSW",\r\n  "receiverId" : "SCBL",\r\n  "processingCode" : "03",\r\n  "methodId" : null,\r\n  "signature" : "82045ede93efbbcbea55da67c6655e9b",\r\n  "data" : {\r\n    "ntn" : null,\r\n    "iban" : "PK123",\r\n    "email" : null,\r\n    "mobileNumber" : null,\r\n    "gdNumber" : null\r\n  }\r\n}', '2021-04-03 12:19:13', 200, 'Negative list of commodities shared.', '{\r\n  "messageId" : "a1374655-5eb8-4a0e-9eb5-989521cd1ca8",\r\n  "timestamp" : 20200925183412,\r\n  "senderId" : "SLKB",\r\n  "receiverId" : "PSW",\r\n  "responseCode" : "200",\r\n  "signature" : "82045ede93efbbcbea55da67c6655e9b",\r\n  "message" : {\r\n    "code" : "200",\r\n    "description" : "Negative list of commodities shared."\r\n  },\r\n  "data" : {\r\n    "iban" : "PK123",\r\n    "restrictedCommoditiesForImport" : [ "4814.2000", "6006.3110", "7406.1000" ],\r\n    "restrictedCommoditiesForExport" : [ "8305.1000", "9021.3100" ]\r\n  }\r\n}', '2021-04-03 12:19:13', 'PSW'),
	(6, '2021-04-03 12:19:15', NULL, 'Sharing Negative List of Countries', 'SCBL', 'POST', '{\r\n  "messageId" : "a1374655-5eb8-4a0e-9eb5-989521cd1ca8",\r\n  "timestamp" : 20200925183412,\r\n  "senderId" : "PSW",\r\n  "receiverId" : "SCBL",\r\n  "processingCode" : "03",\r\n  "methodId" : null,\r\n  "signature" : "82045ede93efbbcbea55da67c6655e9b",\r\n  "data" : {\r\n    "ntn" : null,\r\n    "iban" : "PK36SCBL0010001123456005",\r\n    "email" : null,\r\n    "mobileNumber" : null,\r\n    "gdNumber" : null\r\n  }\r\n}', '2021-04-03 12:19:15', 200, 'Negative list of suppliers shared.', '{\r\n  "messageId" : "a1374655-5eb8-4a0e-9eb5-989521cd1ca8",\r\n  "timestamp" : 20200925183412,\r\n  "senderId" : "SLKB",\r\n  "receiverId" : "PSW",\r\n  "responseCode" : "200",\r\n  "signature" : "82045ede93efbbcbea55da67c6655e9b",\r\n  "message" : {\r\n    "code" : "200",\r\n    "description" : "Negative list of suppliers shared."\r\n  },\r\n  "data" : {\r\n    "iban" : "PK36SCBL0010001123456005",\r\n    "restrictedSuppliersForImport" : [ "Magnas Group of Companies" ],\r\n    "restrictedSuppliersForExport" : [ "Ali Corporations Ltd" ]\r\n  }\r\n}', '2021-04-03 12:19:15', 'PSW'),
	(7, '2021-04-03 13:10:16', NULL, 'Sharing of Update Information and Payment Mode By AD', 'PSW', 'POST', '{\r\n  "messageId" : "940b2c1c-92b6-11eb-a8b3-0242ac130003",\r\n  "timestamp" : 1617437120475,\r\n  "senderId" : "SLKB",\r\n  "receiverId" : "PSW",\r\n  "processingCode" : "03",\r\n  "methodId" : "1512",\r\n  "signature" : "SLKB_SIGNATURE_ABCBC",\r\n  "data" : {\r\n    "iban" : "PK 123213123",\r\n    "accountTitle" : null,\r\n    "accountNumber" : null,\r\n    "accountStatus" : null,\r\n    "accountType" : "701",\r\n    "ntn" : null,\r\n    "cnic" : null,\r\n    "authorizedPaymentModesForImport" : [ ],\r\n    "authorizedPaymentModesForExports" : [ ]\r\n  }\r\n}', '2021-04-03 13:05:46', 200, 'Updated authorized payment modes', '{\r\n  "messageId" : "940b2c1c-92b6-11eb-a8b3-0242ac130003",\r\n  "timestamp" : 1617437120475,\r\n  "senderId" : "SLKB",\r\n  "receiverId" : "SLKB",\r\n  "responseCode" : "200",\r\n  "signature" : "SLKB_SIGNATURE_ABCBC",\r\n  "message" : {\r\n    "code" : "200",\r\n    "description" : "Updated authorized payment modes"\r\n  },\r\n  "data" : "",\r\n  "methodId" : "1512"\r\n}', '2021-04-03 13:10:16', 'SLKB'),
	(8, '2021-04-03 13:12:59', NULL, 'Sharing of Update Information and Payment Mode By AD', 'PSW', 'POST', '{\r\n  "messageId" : "940b2c1c-92b6-11eb-a8b3-0242ac130003",\r\n  "timestamp" : 1617437578655,\r\n  "senderId" : "SLKB",\r\n  "receiverId" : "PSW",\r\n  "processingCode" : "03",\r\n  "methodId" : "1512",\r\n  "signature" : "SLKB_SIGNATURE_ABCBC",\r\n  "data" : {\r\n    "iban" : "PK 123213123",\r\n    "accountTitle" : null,\r\n    "accountNumber" : null,\r\n    "accountStatus" : "600",\r\n    "accountType" : "701",\r\n    "ntn" : null,\r\n    "cnic" : null,\r\n    "authorizedPaymentModesForImport" : [ "305", "306" ],\r\n    "authorizedPaymentModesForExports" : [ "301", "307" ]\r\n  }\r\n}', '2021-04-03 13:12:59', 200, 'Updated authorized payment modes', '{\r\n  "messageId" : "940b2c1c-92b6-11eb-a8b3-0242ac130003",\r\n  "timestamp" : 1617437578655,\r\n  "senderId" : "SLKB",\r\n  "receiverId" : "SLKB",\r\n  "responseCode" : "200",\r\n  "signature" : "SLKB_SIGNATURE_ABCBC",\r\n  "message" : {\r\n    "code" : "200",\r\n    "description" : "Updated authorized payment modes"\r\n  },\r\n  "data" : "",\r\n  "methodId" : "1512"\r\n}', '2021-04-03 13:12:59', 'SLKB'),
	(9, '2021-04-03 13:22:31', NULL, 'Sharing of Update Information and Payment Mode By AD', 'PSW', 'POST', '{\r\n  "messageId" : "a1374655-5eb8-4a0e-9eb5-0989521cd1ca",\r\n  "timestamp" : 1617438150462,\r\n  "senderId" : "SLKB",\r\n  "receiverId" : "PSW",\r\n  "processingCode" : "03",\r\n  "methodId" : "1513",\r\n  "signature" : "SLKB_SIGNATURE_ABCBC",\r\n  "data" : {\r\n    "iban" : "PK36SCBL0010001123456005",\r\n    "restrictedCountriesForImport" : [ "COL", "EGY", "AUS" ],\r\n    "restrictedCountriesForExport" : [ "AUS" ]\r\n  }\r\n}', '2021-04-03 13:22:31', 200, 'Updated negative list of countries', '{\r\n  "messageId" : "a1374655-5eb8-4a0e-9eb5-0989521cd1ca",\r\n  "timestamp" : 1617438150462,\r\n  "senderId" : "SLKB",\r\n  "receiverId" : "SLKB",\r\n  "responseCode" : "200",\r\n  "signature" : "SLKB_SIGNATURE_ABCBC",\r\n  "message" : {\r\n    "code" : "200",\r\n    "description" : "Updated negative list of countries"\r\n  },\r\n  "data" : "",\r\n  "methodId" : "1513"\r\n}', '2021-04-03 13:22:31', 'SLKB'),
	(10, '2021-04-03 13:24:38', NULL, 'Sharing Updated Negative List of Countries with PSW', 'PSW', 'POST', '{\r\n  "messageId" : "a1374655-5eb8-4a0e-9eb5-0989521cd1ca",\r\n  "timestamp" : 1617438277359,\r\n  "senderId" : "SLKB",\r\n  "receiverId" : "PSW",\r\n  "processingCode" : "03",\r\n  "methodId" : "1513",\r\n  "signature" : "SLKB_SIGNATURE_ABCBC",\r\n  "data" : {\r\n    "iban" : "PK36SCBL0010001123456005",\r\n    "restrictedCountriesForImport" : [ "COL", "EGY", "AUS" ],\r\n    "restrictedCountriesForExport" : [ "AUS" ]\r\n  }\r\n}', '2021-04-03 13:24:38', 200, 'Updated negative list of countries', '{\r\n  "messageId" : "a1374655-5eb8-4a0e-9eb5-0989521cd1ca",\r\n  "timestamp" : 1617438277359,\r\n  "senderId" : "SLKB",\r\n  "receiverId" : "SLKB",\r\n  "responseCode" : "200",\r\n  "signature" : "SLKB_SIGNATURE_ABCBC",\r\n  "message" : {\r\n    "code" : "200",\r\n    "description" : "Updated negative list of countries"\r\n  },\r\n  "data" : "",\r\n  "methodId" : "1513"\r\n}', '2021-04-03 13:24:38', 'SLKB'),
	(11, '2021-04-04 12:25:40', NULL, 'Sharing Updated Negative List of Commodities with PSW', 'PSW', 'POST', '{\r\n  "messageId" : "a1374655-5eb8-4a0e-9eb5-0989521cd1ca",\r\n  "timestamp" : 1617521123404,\r\n  "senderId" : "SLKB",\r\n  "receiverId" : "PSW",\r\n  "processingCode" : "03",\r\n  "methodId" : "1514",\r\n  "signature" : "SLKB_SIGNATURE_ABCBC",\r\n  "data" : {\r\n    "iban" : "PK36SCBL0010001123456005",\r\n    "restrictedCommoditiesForImport" : [ ],\r\n    "restrictedCommoditiesForExport" : [ ]\r\n  }\r\n}', '2021-04-04 12:25:32', 200, 'Updated negative list of commodities', '{\r\n  "messageId" : "a1374655-5eb8-4a0e-9eb5-0989521cd1ca",\r\n  "timestamp" : 1617521123404,\r\n  "senderId" : "SLKB",\r\n  "receiverId" : "SLKB",\r\n  "responseCode" : "200",\r\n  "signature" : "SLKB_SIGNATURE_ABCBC",\r\n  "message" : {\r\n    "code" : "200",\r\n    "description" : "Updated negative list of commodities"\r\n  },\r\n  "data" : "",\r\n  "methodId" : "1514"\r\n}', '2021-04-04 12:25:40', 'SLKB'),
	(12, '2021-04-04 12:26:46', NULL, 'Sharing Updated Negative List of Suppliers with PSW', 'PSW', 'POST', '{\r\n  "messageId" : "a1374655-5eb8-4a0e-9eb5-0989521cd1ca",\r\n  "timestamp" : 1617521205802,\r\n  "senderId" : "SLKB",\r\n  "receiverId" : "PSW",\r\n  "processingCode" : "03",\r\n  "methodId" : "1515",\r\n  "signature" : "SLKB_SIGNATURE_ABCBC",\r\n  "data" : {\r\n    "iban" : "PK36SCBL0010001123456005",\r\n    "restrictedSuppliersForImport" : [ "Magnas Group of Companies" ],\r\n    "restrictedSuppliersForExport" : [ "Ali Corporations Ltd" ]\r\n  }\r\n}', '2021-04-04 12:26:46', 200, 'Updated negative list of suppliers', '{\r\n  "messageId" : "a1374655-5eb8-4a0e-9eb5-0989521cd1ca",\r\n  "timestamp" : 1617521205802,\r\n  "senderId" : "SLKB",\r\n  "receiverId" : "SLKB",\r\n  "responseCode" : "200",\r\n  "signature" : "SLKB_SIGNATURE_ABCBC",\r\n  "message" : {\r\n    "code" : "200",\r\n    "description" : "Updated negative list of suppliers"\r\n  },\r\n  "data" : "",\r\n  "methodId" : "1515"\r\n}', '2021-04-04 12:26:46', 'SLKB'),
	(13, '2021-04-04 12:50:07', NULL, 'Sharing Updated Negative List of Countries with PSW', 'PSW', 'POST', '{\r\n  "messageId" : "a1374655-5eb8-4a0e-9eb5-0989521cd1ca",\r\n  "timestamp" : 1617522605707,\r\n  "senderId" : "SLKB",\r\n  "receiverId" : "PSW",\r\n  "processingCode" : "03",\r\n  "methodId" : "1513",\r\n  "signature" : "SLKB_SIGNATURE_ABCBC",\r\n  "data" : {\r\n    "iban" : null,\r\n    "restrictedCountriesForImport" : null,\r\n    "restrictedCountriesForExport" : null\r\n  }\r\n}', '2021-04-04 12:50:06', 200, 'Updated negative list of countries', '{\r\n  "messageId" : "a1374655-5eb8-4a0e-9eb5-0989521cd1ca",\r\n  "timestamp" : 1617522605707,\r\n  "senderId" : "SLKB",\r\n  "receiverId" : "SLKB",\r\n  "responseCode" : "200",\r\n  "signature" : "SLKB_SIGNATURE_ABCBC",\r\n  "message" : {\r\n    "code" : "200",\r\n    "description" : "Updated negative list of countries"\r\n  },\r\n  "data" : "",\r\n  "methodId" : "1513"\r\n}', '2021-04-04 12:50:07', 'SLKB'),
	(14, '2021-04-04 12:55:14', NULL, 'Sharing Updated Negative List of Countries with PSW', 'PSW', 'POST', '{\r\n  "messageId" : "a1374655-5eb8-4a0e-9eb5-0989521cd1ca",\r\n  "timestamp" : 1617522911772,\r\n  "senderId" : "SLKB",\r\n  "receiverId" : "PSW",\r\n  "processingCode" : "03",\r\n  "methodId" : "1513",\r\n  "signature" : "SLKB_SIGNATURE_ABCBC",\r\n  "data" : {\r\n    "iban" : "PK123",\r\n    "restrictedCountriesForImport" : [ ],\r\n    "restrictedCountriesForExport" : [ "IND" ]\r\n  }\r\n}', '2021-04-04 12:55:14', 200, 'Updated negative list of countries', '{\r\n  "messageId" : "a1374655-5eb8-4a0e-9eb5-0989521cd1ca",\r\n  "timestamp" : 1617522911772,\r\n  "senderId" : "SLKB",\r\n  "receiverId" : "SLKB",\r\n  "responseCode" : "200",\r\n  "signature" : "SLKB_SIGNATURE_ABCBC",\r\n  "message" : {\r\n    "code" : "200",\r\n    "description" : "Updated negative list of countries"\r\n  },\r\n  "data" : "",\r\n  "methodId" : "1513"\r\n}', '2021-04-04 12:55:14', 'SLKB'),
	(15, '2021-04-04 12:58:48', NULL, 'Sharing Updated Negative List of Countries with PSW', 'PSW', 'POST', '{\r\n  "messageId" : "a1374655-5eb8-4a0e-9eb5-0989521cd1ca",\r\n  "timestamp" : 1617523127676,\r\n  "senderId" : "SLKB",\r\n  "receiverId" : "PSW",\r\n  "processingCode" : "03",\r\n  "methodId" : "1513",\r\n  "signature" : "SLKB_SIGNATURE_ABCBC",\r\n  "data" : {\r\n    "iban" : "PK123",\r\n    "restrictedCountriesForImport" : [ ],\r\n    "restrictedCountriesForExport" : [ "IND" ]\r\n  }\r\n}', '2021-04-04 12:58:48', 200, 'Updated negative list of countries', '{\r\n  "messageId" : "a1374655-5eb8-4a0e-9eb5-0989521cd1ca",\r\n  "timestamp" : 1617523127676,\r\n  "senderId" : "SLKB",\r\n  "receiverId" : "SLKB",\r\n  "responseCode" : "200",\r\n  "signature" : "SLKB_SIGNATURE_ABCBC",\r\n  "message" : {\r\n    "code" : "200",\r\n    "description" : "Updated negative list of countries"\r\n  },\r\n  "data" : "",\r\n  "methodId" : "1513"\r\n}', '2021-04-04 12:58:48', 'SLKB'),
	(16, '2021-04-04 12:59:01', NULL, 'Sharing Updated Negative List of Commodities with PSW', 'PSW', 'POST', '{\r\n  "messageId" : "a1374655-5eb8-4a0e-9eb5-0989521cd1ca",\r\n  "timestamp" : 1617523140883,\r\n  "senderId" : "SLKB",\r\n  "receiverId" : "PSW",\r\n  "processingCode" : "03",\r\n  "methodId" : "1514",\r\n  "signature" : "SLKB_SIGNATURE_ABCBC",\r\n  "data" : {\r\n    "iban" : "PK123",\r\n    "restrictedCommoditiesForImport" : [ "4814.2000", "6006.3110", "7406.1000" ],\r\n    "restrictedCommoditiesForExport" : [ "8305.1000", "9021.3100" ]\r\n  }\r\n}', '2021-04-04 12:59:01', 200, 'Updated negative list of commodities', '{\r\n  "messageId" : "a1374655-5eb8-4a0e-9eb5-0989521cd1ca",\r\n  "timestamp" : 1617523140883,\r\n  "senderId" : "SLKB",\r\n  "receiverId" : "SLKB",\r\n  "responseCode" : "200",\r\n  "signature" : "SLKB_SIGNATURE_ABCBC",\r\n  "message" : {\r\n    "code" : "200",\r\n    "description" : "Updated negative list of commodities"\r\n  },\r\n  "data" : "",\r\n  "methodId" : "1514"\r\n}', '2021-04-04 12:59:01', 'SLKB'),
	(17, '2021-04-04 12:59:08', NULL, 'Sharing Updated Negative List of Suppliers with PSW', 'PSW', 'POST', '{\r\n  "messageId" : "a1374655-5eb8-4a0e-9eb5-0989521cd1ca",\r\n  "timestamp" : 1617523147482,\r\n  "senderId" : "SLKB",\r\n  "receiverId" : "PSW",\r\n  "processingCode" : "03",\r\n  "methodId" : "1515",\r\n  "signature" : "SLKB_SIGNATURE_ABCBC",\r\n  "data" : {\r\n    "iban" : "PK123",\r\n    "restrictedSuppliersForImport" : [ "Jonas limited liability corporation (LLC)", "Ali Corporations Ltd" ],\r\n    "restrictedSuppliersForExport" : [ "Magnas Group of Companies", "Global Pharma Pvt. Ltd." ]\r\n  }\r\n}', '2021-04-04 12:59:08', 200, 'Updated negative list of suppliers', '{\r\n  "messageId" : "a1374655-5eb8-4a0e-9eb5-0989521cd1ca",\r\n  "timestamp" : 1617523147482,\r\n  "senderId" : "SLKB",\r\n  "receiverId" : "SLKB",\r\n  "responseCode" : "200",\r\n  "signature" : "SLKB_SIGNATURE_ABCBC",\r\n  "message" : {\r\n    "code" : "200",\r\n    "description" : "Updated negative list of suppliers"\r\n  },\r\n  "data" : "",\r\n  "methodId" : "1515"\r\n}', '2021-04-04 12:59:08', 'SLKB'),
	(18, '2021-04-04 12:59:50', NULL, 'Sharing Updated Negative List of Suppliers with PSW', 'PSW', 'POST', '{\r\n  "messageId" : "a1374655-5eb8-4a0e-9eb5-0989521cd1ca",\r\n  "timestamp" : 1617523190278,\r\n  "senderId" : "SLKB",\r\n  "receiverId" : "PSW",\r\n  "processingCode" : "03",\r\n  "methodId" : "1515",\r\n  "signature" : "SLKB_SIGNATURE_ABCBC",\r\n  "data" : {\r\n    "iban" : "PK36SCBL0010001123456005",\r\n    "restrictedSuppliersForImport" : [ "Magnas Group of Companies" ],\r\n    "restrictedSuppliersForExport" : [ "Ali Corporations Ltd" ]\r\n  }\r\n}', '2021-04-04 12:59:50', 200, 'Updated negative list of suppliers', '{\r\n  "messageId" : "a1374655-5eb8-4a0e-9eb5-0989521cd1ca",\r\n  "timestamp" : 1617523190278,\r\n  "senderId" : "SLKB",\r\n  "receiverId" : "SLKB",\r\n  "responseCode" : "200",\r\n  "signature" : "SLKB_SIGNATURE_ABCBC",\r\n  "message" : {\r\n    "code" : "200",\r\n    "description" : "Updated negative list of suppliers"\r\n  },\r\n  "data" : "",\r\n  "methodId" : "1515"\r\n}', '2021-04-04 12:59:50', 'SLKB'),
	(19, '2021-04-04 13:01:00', NULL, 'Sharing Updated Negative List of Countries with PSW', 'PSW', 'POST', '{\r\n  "messageId" : "a1374655-5eb8-4a0e-9eb5-0989521cd1ca",\r\n  "timestamp" : 1617523260150,\r\n  "senderId" : "SLKB",\r\n  "receiverId" : "PSW",\r\n  "processingCode" : "03",\r\n  "methodId" : "1513",\r\n  "signature" : "SLKB_SIGNATURE_ABCBC",\r\n  "data" : {\r\n    "iban" : "PK36SCBL0010001123456005",\r\n    "restrictedCountriesForImport" : [ "COL", "EGY", "AUS" ],\r\n    "restrictedCountriesForExport" : [ "AUS" ]\r\n  }\r\n}', '2021-04-04 13:01:00', 200, 'Updated negative list of countries', '{\r\n  "messageId" : "a1374655-5eb8-4a0e-9eb5-0989521cd1ca",\r\n  "timestamp" : 1617523260150,\r\n  "senderId" : "SLKB",\r\n  "receiverId" : "SLKB",\r\n  "responseCode" : "200",\r\n  "signature" : "SLKB_SIGNATURE_ABCBC",\r\n  "message" : {\r\n    "code" : "200",\r\n    "description" : "Updated negative list of countries"\r\n  },\r\n  "data" : "",\r\n  "methodId" : "1513"\r\n}', '2021-04-04 13:01:00', 'SLKB'),
	(20, '2021-04-04 14:23:07', NULL, 'Trader Profile Active/Inactive Message by AD to PSW', 'PSW', 'POST', '{\r\n  "messageId" : "a1374655-5eb8-4a0e-9eb5-0989521cd1ca",\r\n  "timestamp" : 1617528186338,\r\n  "senderId" : "SLKB",\r\n  "receiverId" : "PSW",\r\n  "processingCode" : "03",\r\n  "methodId" : "1516",\r\n  "signature" : "SLKB_SIGNATURE_ABCBC",\r\n  "data" : {\r\n    "iban" : "PK123",\r\n    "accountStatus" : "600"\r\n  }\r\n}', '2021-04-04 14:23:07', 200, 'ALL Good ', '{\r\n  "messageId" : "a1374655-5eb8-4a0e-9eb5-0989521cd1ca",\r\n  "timestamp" : 1617528186338,\r\n  "senderId" : "SLKB",\r\n  "receiverId" : "SLKB",\r\n  "responseCode" : "200",\r\n  "signature" : "SLKB_SIGNATURE_ABCBC",\r\n  "message" : {\r\n    "code" : "200",\r\n    "description" : "ALL Good "\r\n  },\r\n  "data" : "",\r\n  "methodId" : "1516"\r\n}', '2021-04-04 14:23:07', 'SLKB'),
	(21, '2021-04-04 14:46:08', NULL, 'Update in Trader’s Email and Mobile Number Message by AD to PSW', 'PSW', 'POST', '{\r\n  "messageId" : "a1374655-5eb8-4a0e-9eb5-0989521cd1ca",\r\n  "timestamp" : 1617529566879,\r\n  "senderId" : "SLKB",\r\n  "receiverId" : "PSW",\r\n  "processingCode" : "03",\r\n  "methodId" : "1534",\r\n  "signature" : "SLKB_SIGNATURE_ABCBC",\r\n  "data" : {\r\n    "ntn" : "0425425",\r\n    "traderName" : "Schlumberger Seaco Inc.",\r\n    "iban" : "PK123",\r\n    "email" : "hibaowais32@gmail.com",\r\n    "mobileNumber" : "00923427765432"\r\n  }\r\n}', '2021-04-04 14:46:08', 200, 'Updated Trader Email and MObile number', '{\r\n  "messageId" : "a1374655-5eb8-4a0e-9eb5-0989521cd1ca",\r\n  "timestamp" : 1617529566879,\r\n  "senderId" : "SLKB",\r\n  "receiverId" : "SLKB",\r\n  "responseCode" : "200",\r\n  "signature" : "SLKB_SIGNATURE_ABCBC",\r\n  "message" : {\r\n    "code" : "200",\r\n    "description" : "Updated Trader Email and MObile number"\r\n  },\r\n  "data" : "",\r\n  "methodId" : "1534"\r\n}', '2021-04-04 14:46:08', 'SLKB'),
	(22, '2021-04-04 14:47:25', NULL, 'Trader Profile Active/Inactive Message by AD to PSW', 'PSW', 'POST', '{\r\n  "messageId" : "a1374655-5eb8-4a0e-9eb5-0989521cd1ca",\r\n  "timestamp" : 1617529644749,\r\n  "senderId" : "SLKB",\r\n  "receiverId" : "PSW",\r\n  "processingCode" : "03",\r\n  "methodId" : "1516",\r\n  "signature" : "SLKB_SIGNATURE_ABCBC",\r\n  "data" : {\r\n    "iban" : "PK123",\r\n    "accountStatus" : "600"\r\n  }\r\n}', '2021-04-04 14:47:25', 200, 'Updated Account Status', '{\r\n  "messageId" : "a1374655-5eb8-4a0e-9eb5-0989521cd1ca",\r\n  "timestamp" : 1617529644749,\r\n  "senderId" : "SLKB",\r\n  "receiverId" : "SLKB",\r\n  "responseCode" : "200",\r\n  "signature" : "SLKB_SIGNATURE_ABCBC",\r\n  "message" : {\r\n    "code" : "200",\r\n    "description" : "Updated Account Status"\r\n  },\r\n  "data" : "",\r\n  "methodId" : "1516"\r\n}', '2021-04-04 14:47:25', 'SLKB'),
	(23, '2021-04-06 09:58:08', NULL, 'Verify Trader Profile From AD', 'SCBL', 'POST', '{\r\n  "messageId" : "a1374655-5eb8-4a0e-9eb5-989521cd1ca8",\r\n  "timestamp" : 20200925183412,\r\n  "senderId" : "PSW",\r\n  "receiverId" : "SCBL",\r\n  "processingCode" : "03",\r\n  "methodId" : null,\r\n  "signature" : "82045ede93efbbcbea55da67c6655e9b",\r\n  "data" : {\r\n    "ntn" : "ntn 123",\r\n    "iban" : "PK123",\r\n    "email" : "123@psw.pk",\r\n    "mobileNumber" : "0300 123",\r\n    "gdNumber" : null\r\n  }\r\n}', '2021-04-06 09:58:08', 207, 'IBAN verification successful.', '{\r\n  "messageId" : "a1374655-5eb8-4a0e-9eb5-989521cd1ca8",\r\n  "timestamp" : 20200925183412,\r\n  "senderId" : "SLKB",\r\n  "receiverId" : "PSW",\r\n  "responseCode" : "207",\r\n  "signature" : "82045ede93efbbcbea55da67c6655e9b",\r\n  "message" : {\r\n    "code" : "207",\r\n    "description" : "IBAN verification successful."\r\n  },\r\n  "data" : ""\r\n}', '2021-04-06 09:58:08', 'PSW'),
	(24, '2021-04-06 09:58:12', NULL, 'Sharing Updated Negative List of Countries with PSW', 'PSW', 'POST', '{\r\n  "messageId" : "a1374655-5eb8-4a0e-9eb5-0989521cd1ca",\r\n  "timestamp" : 1617685091855,\r\n  "senderId" : "SLKB",\r\n  "receiverId" : "PSW",\r\n  "processingCode" : "03",\r\n  "methodId" : "1513",\r\n  "signature" : "SLKB_SIGNATURE_ABCBC",\r\n  "data" : {\r\n    "iban" : "PK36SCBL0010001123456005",\r\n    "restrictedCountriesForImport" : [ "COL", "EGY", "AUS" ],\r\n    "restrictedCountriesForExport" : [ "AUS" ]\r\n  }\r\n}', '2021-04-06 09:58:12', 200, 'Updated negative list of countries', '{\r\n  "messageId" : "a1374655-5eb8-4a0e-9eb5-0989521cd1ca",\r\n  "timestamp" : 1617685091855,\r\n  "senderId" : "SLKB",\r\n  "receiverId" : "SLKB",\r\n  "responseCode" : "200",\r\n  "signature" : "SLKB_SIGNATURE_ABCBC",\r\n  "message" : {\r\n    "code" : "200",\r\n    "description" : "Updated negative list of countries"\r\n  },\r\n  "data" : "",\r\n  "methodId" : "1513"\r\n}', '2021-04-06 09:58:12', 'SLKB'),
	(25, '2021-04-06 09:58:15', NULL, 'Sharing Updated Negative List of Commodities with PSW', 'PSW', 'POST', '{\r\n  "messageId" : "a1374655-5eb8-4a0e-9eb5-0989521cd1ca",\r\n  "timestamp" : 1617685095014,\r\n  "senderId" : "SLKB",\r\n  "receiverId" : "PSW",\r\n  "processingCode" : "03",\r\n  "methodId" : "1514",\r\n  "signature" : "SLKB_SIGNATURE_ABCBC",\r\n  "data" : {\r\n    "iban" : "PK123",\r\n    "restrictedCommoditiesForImport" : [ "4814.2000", "6006.3110", "7406.1000" ],\r\n    "restrictedCommoditiesForExport" : [ "8305.1000", "9021.3100" ]\r\n  }\r\n}', '2021-04-06 09:58:15', 200, 'Updated negative list of commodities', '{\r\n  "messageId" : "a1374655-5eb8-4a0e-9eb5-0989521cd1ca",\r\n  "timestamp" : 1617685095014,\r\n  "senderId" : "SLKB",\r\n  "receiverId" : "SLKB",\r\n  "responseCode" : "200",\r\n  "signature" : "SLKB_SIGNATURE_ABCBC",\r\n  "message" : {\r\n    "code" : "200",\r\n    "description" : "Updated negative list of commodities"\r\n  },\r\n  "data" : "",\r\n  "methodId" : "1514"\r\n}', '2021-04-06 09:58:15', 'SLKB'),
	(26, '2021-04-08 15:44:51', NULL, 'Sharing Financial Transaction Data with PSW by AD', 'PSW', 'POST', '{\r\n  "messageId" : "a1374655-5eb8-4a0e-9eb5-0989521cd1ca",\r\n  "timestamp" : 1617878689965,\r\n  "senderId" : "SLKB",\r\n  "receiverId" : "PSW",\r\n  "processingCode" : "03",\r\n  "methodId" : "1520",\r\n  "signature" : "SLKB_SIGNATURE_ABCBC",\r\n  "data" : {\r\n    "importerNtn" : null,\r\n    "importerName" : null,\r\n    "remittanceFromPak" : null,\r\n    "modeOfPayment" : null,\r\n    "finInsUniqueNumber" : null,\r\n    "remarks" : null,\r\n    "contractCollectionData" : null,\r\n    "lcData" : null,\r\n    "paymentInformation" : null,\r\n    "itemInformation" : null,\r\n    "financialTranInformation" : null\r\n  }\r\n}', '2021-04-08 15:44:51', 200, ' Updated financial transaction data for import', '{\r\n  "messageId" : "a1374655-5eb8-4a0e-9eb5-0989521cd1ca",\r\n  "timestamp" : 1617878689965,\r\n  "senderId" : "SLKB",\r\n  "receiverId" : "SLKB",\r\n  "responseCode" : "200",\r\n  "signature" : "SLKB_SIGNATURE_ABCBC",\r\n  "message" : {\r\n    "code" : "200",\r\n    "description" : " Updated financial transaction data for import"\r\n  },\r\n  "data" : "",\r\n  "methodId" : "1520"\r\n}', '2021-04-08 15:44:51', 'SLKB'),
	(27, '2021-04-08 16:59:28', NULL, 'Sharing Financial Transaction Data with PSW by AD', 'PSW', 'POST', '{\r\n  "messageId" : "a1374655-5eb8-4a0e-9eb5-0989521cd1ca",\r\n  "timestamp" : 1617883167428,\r\n  "senderId" : "SLKB",\r\n  "receiverId" : "PSW",\r\n  "processingCode" : "03",\r\n  "methodId" : "1520",\r\n  "signature" : "SLKB_SIGNATURE_ABCBC",\r\n  "data" : {\r\n    "importerNtn" : "0425425",\r\n    "importerName" : "Schlumberger Seaco Inc",\r\n    "remittanceFromPak" : "Y",\r\n    "modeOfPayment" : "304",\r\n    "finInsUniqueNumber" : "2009LCS3004700PK",\r\n    "remarks" : "\\"For industry use",\r\n    "contractCollectionData" : {\r\n      "advPayPercentage" : 50.0000,\r\n      "docAgainstPayPercentage" : 24.0900,\r\n      "docAgainstAcceptancePercentage" : 25.0100,\r\n      "days" : 10,\r\n      "totalPercentage" : 100.0000\r\n    },\r\n    "lcData" : {\r\n      "advPayPercentage" : 50.0000,\r\n      "sightPercentage" : 25.0000,\r\n      "usancePercentage" : 25.0000,\r\n      "days" : 10,\r\n      "totalPercentage" : 100.0000\r\n    },\r\n    "paymentInformation" : {\r\n      "beneficiaryName" : "John Doe",\r\n      "beneficiaryAddress" : "122 M Amir trade center , Allama Iqbal Road? SITE first   Floor",\r\n      "beneficiaryCountry" : "PAK",\r\n      "beneficiaryIban" : "PK35ASCM0000121234567890",\r\n      "exporterName" : "New Supplier",\r\n      "exporterAddress" : "\\"Jabel Omar, Building No. 244, 26th Floor, Abu Dhabi, UAE",\r\n      "exporterCountry" : "FRA",\r\n      "portOfShipment" : "AEDXB",\r\n      "deliveryTerms" : "CFR",\r\n      "totalInvoiceValue" : 5000.0002,\r\n      "invoiceCurrency" : "USD",\r\n      "exchangeRate" : 160.0000,\r\n      "lcContractNo" : "2009LCS2004800PK"\r\n    },\r\n    "itemInformation" : [ {\r\n      "hsCode" : "\\"9246.1000",\r\n      "goodsDescription" : "FOR WEAVING FABRICS OF A WIDTH NOT EXCEEDING ",\r\n      "quantity" : 2,\r\n      "uom" : "KG",\r\n      "countryOfOrigin" : "CHN",\r\n      "sample" : "N",\r\n      "sampleValue" : ""\r\n    }, {\r\n      "hsCode" : "8446.1000",\r\n      "goodsDescription" : "FOR WEAVING FABRICS OF A WIDTH NOT EXCEEDING ",\r\n      "quantity" : 5,\r\n      "uom" : "KG",\r\n      "countryOfOrigin" : "CHN",\r\n      "sample" : "Y",\r\n      "sampleValue" : "1000.0000"\r\n    } ],\r\n    "financialTranInformation" : {\r\n      "intendedPayDate" : 1617878882000,\r\n      "transportDocDate" : 1616410089000,\r\n      "finalDateOfShipment" : 1610102871000\r\n    }\r\n  }\r\n}', '2021-04-08 16:59:28', 200, ' Updated financial transaction data for import', '{\r\n  "messageId" : "a1374655-5eb8-4a0e-9eb5-0989521cd1ca",\r\n  "timestamp" : 1617883167428,\r\n  "senderId" : "SLKB",\r\n  "receiverId" : "SLKB",\r\n  "responseCode" : "200",\r\n  "signature" : "SLKB_SIGNATURE_ABCBC",\r\n  "message" : {\r\n    "code" : "200",\r\n    "description" : " Updated financial transaction data for import"\r\n  },\r\n  "data" : "",\r\n  "methodId" : "1520"\r\n}', '2021-04-08 16:59:28', 'SLKB'),
	(28, '2021-04-08 17:49:03', NULL, 'Sharing Financial Transaction Data with PSW by AD', 'PSW', 'POST', '{\r\n  "messageId" : "a1374655-5eb8-4a0e-9eb5-0989521cd1ca",\r\n  "timestamp" : 1617886142071,\r\n  "senderId" : "SLKB",\r\n  "receiverId" : "PSW",\r\n  "processingCode" : "03",\r\n  "methodId" : "1520",\r\n  "signature" : "SLKB_SIGNATURE_ABCBC",\r\n  "data" : {\r\n    "importerNtn" : "0425425",\r\n    "importerName" : "Schlumberger Seaco Inc",\r\n    "remittanceFromPak" : "Y",\r\n    "modeOfPayment" : "304",\r\n    "finInsUniqueNumber" : "2009LCS3004700PK",\r\n    "remarks" : "\\"For industry use",\r\n    "contractCollectionData" : {\r\n      "advPayPercentage" : 50.0000,\r\n      "docAgainstPayPercentage" : 24.0900,\r\n      "docAgainstAcceptancePercentage" : 25.0100,\r\n      "days" : 10,\r\n      "totalPercentage" : 100.0000\r\n    },\r\n    "lcData" : {\r\n      "advPayPercentage" : 50.0000,\r\n      "sightPercentage" : 25.0000,\r\n      "usancePercentage" : 25.0000,\r\n      "days" : 10,\r\n      "totalPercentage" : 100.0000\r\n    },\r\n    "paymentInformation" : {\r\n      "beneficiaryName" : "John Doe",\r\n      "beneficiaryAddress" : "122 M Amir trade center , Allama Iqbal Road? SITE first   Floor",\r\n      "beneficiaryCountry" : "PAK",\r\n      "beneficiaryIban" : "PK35ASCM0000121234567890",\r\n      "exporterName" : "New Supplier",\r\n      "exporterAddress" : "\\"Jabel Omar, Building No. 244, 26th Floor, Abu Dhabi, UAE",\r\n      "exporterCountry" : "FRA",\r\n      "portOfShipment" : "AEDXB",\r\n      "deliveryTerms" : "CFR",\r\n      "totalInvoiceValue" : 5000.0002,\r\n      "invoiceCurrency" : "USD",\r\n      "exchangeRate" : 160.0000,\r\n      "lcContractNo" : "2009LCS2004800PK"\r\n    },\r\n    "itemInformation" : [ {\r\n      "hsCode" : "\\"9246.1000",\r\n      "goodsDescription" : "FOR WEAVING FABRICS OF A WIDTH NOT EXCEEDING ",\r\n      "quantity" : 2,\r\n      "uom" : "KG",\r\n      "countryOfOrigin" : "CHN",\r\n      "sample" : "N",\r\n      "sampleValue" : ""\r\n    }, {\r\n      "hsCode" : "8446.1000",\r\n      "goodsDescription" : "FOR WEAVING FABRICS OF A WIDTH NOT EXCEEDING ",\r\n      "quantity" : 5,\r\n      "uom" : "KG",\r\n      "countryOfOrigin" : "CHN",\r\n      "sample" : "Y",\r\n      "sampleValue" : "1000.0000"\r\n    } ],\r\n    "financialTranInformation" : {\r\n      "intendedPayDate" : 1617878882000,\r\n      "transportDocDate" : 1616410089000,\r\n      "finalDateOfShipment" : 1610102871000\r\n    }\r\n  }\r\n}', '2021-04-08 17:49:03', 200, ' Updated financial transaction data for import', '{\r\n  "messageId" : "a1374655-5eb8-4a0e-9eb5-0989521cd1ca",\r\n  "timestamp" : 1617886142071,\r\n  "senderId" : "SLKB",\r\n  "receiverId" : "SLKB",\r\n  "responseCode" : "200",\r\n  "signature" : "SLKB_SIGNATURE_ABCBC",\r\n  "message" : {\r\n    "code" : "200",\r\n    "description" : " Updated financial transaction data for import"\r\n  },\r\n  "data" : "",\r\n  "methodId" : "1520"\r\n}', '2021-04-08 17:49:03', 'SLKB'),
	(29, '2021-04-08 17:51:47', NULL, 'Sharing Financial Transaction Data with PSW by AD', 'PSW', 'POST', '{\r\n  "messageId" : "a1374655-5eb8-4a0e-9eb5-0989521cd1ca",\r\n  "timestamp" : 1617886307236,\r\n  "senderId" : "SLKB",\r\n  "receiverId" : "PSW",\r\n  "processingCode" : "03",\r\n  "methodId" : "1520",\r\n  "signature" : "SLKB_SIGNATURE_ABCBC",\r\n  "data" : {\r\n    "importerNtn" : "0425425",\r\n    "importerName" : "Schlumberger Seaco Inc",\r\n    "remittanceFromPak" : "Y",\r\n    "modeOfPayment" : "304",\r\n    "finInsUniqueNumber" : "2009LCS3004700PK",\r\n    "remarks" : "\\"For industry use",\r\n    "contractCollectionData" : {\r\n      "advPayPercentage" : 50.0000,\r\n      "docAgainstPayPercentage" : 24.0900,\r\n      "docAgainstAcceptancePercentage" : 25.0100,\r\n      "days" : 10,\r\n      "totalPercentage" : 100.0000\r\n    },\r\n    "lcData" : {\r\n      "advPayPercentage" : 50.0000,\r\n      "sightPercentage" : 25.0000,\r\n      "usancePercentage" : 25.0000,\r\n      "days" : 10,\r\n      "totalPercentage" : 100.0000\r\n    },\r\n    "paymentInformation" : {\r\n      "beneficiaryName" : "John Doe",\r\n      "beneficiaryAddress" : "122 M Amir trade center , Allama Iqbal Road? SITE first   Floor",\r\n      "beneficiaryCountry" : "PAK",\r\n      "beneficiaryIban" : "PK35ASCM0000121234567890",\r\n      "exporterName" : "New Supplier",\r\n      "exporterAddress" : "\\"Jabel Omar, Building No. 244, 26th Floor, Abu Dhabi, UAE",\r\n      "exporterCountry" : "FRA",\r\n      "portOfShipment" : "AEDXB",\r\n      "deliveryTerms" : "CFR",\r\n      "totalInvoiceValue" : 5000.0002,\r\n      "invoiceCurrency" : "USD",\r\n      "exchangeRate" : 160.0000,\r\n      "lcContractNo" : "2009LCS2004800PK"\r\n    },\r\n    "itemInformation" : [ {\r\n      "hsCode" : "\\"9246.1000",\r\n      "goodsDescription" : "FOR WEAVING FABRICS OF A WIDTH NOT EXCEEDING ",\r\n      "quantity" : 2,\r\n      "uom" : "KG",\r\n      "countryOfOrigin" : "CHN",\r\n      "sample" : "N",\r\n      "sampleValue" : ""\r\n    }, {\r\n      "hsCode" : "8446.1000",\r\n      "goodsDescription" : "FOR WEAVING FABRICS OF A WIDTH NOT EXCEEDING ",\r\n      "quantity" : 5,\r\n      "uom" : "KG",\r\n      "countryOfOrigin" : "CHN",\r\n      "sample" : "Y",\r\n      "sampleValue" : "1000.0000"\r\n    } ],\r\n    "financialTranInformation" : {\r\n      "intendedPayDate" : 1617878882000,\r\n      "transportDocDate" : 1616410089000,\r\n      "finalDateOfShipment" : 1610102871000\r\n    }\r\n  }\r\n}', '2021-04-08 17:51:47', 200, ' Updated financial transaction data for import', '{\r\n  "messageId" : "a1374655-5eb8-4a0e-9eb5-0989521cd1ca",\r\n  "timestamp" : 1617886307236,\r\n  "senderId" : "SLKB",\r\n  "receiverId" : "SLKB",\r\n  "responseCode" : "200",\r\n  "signature" : "SLKB_SIGNATURE_ABCBC",\r\n  "message" : {\r\n    "code" : "200",\r\n    "description" : " Updated financial transaction data for import"\r\n  },\r\n  "data" : "",\r\n  "methodId" : "1520"\r\n}', '2021-04-08 17:51:47', 'SLKB'),
	(30, '2021-04-08 17:52:56', NULL, 'Sharing Financial Transaction Data with PSW by AD', 'PSW', 'POST', '{\r\n  "messageId" : "a1374655-5eb8-4a0e-9eb5-0989521cd1ca",\r\n  "timestamp" : 1617886374755,\r\n  "senderId" : "SLKB",\r\n  "receiverId" : "PSW",\r\n  "processingCode" : "03",\r\n  "methodId" : "1520",\r\n  "signature" : "SLKB_SIGNATURE_ABCBC",\r\n  "data" : {\r\n    "importerNtn" : "0425425",\r\n    "importerName" : "Schlumberger Seaco Inc",\r\n    "remittanceFromPak" : "Y",\r\n    "modeOfPayment" : "304",\r\n    "finInsUniqueNumber" : "2009LCS3004700PK",\r\n    "remarks" : "\\"For industry use",\r\n    "contractCollectionData" : {\r\n      "advPayPercentage" : 50.0000,\r\n      "docAgainstPayPercentage" : 24.0900,\r\n      "docAgainstAcceptancePercentage" : 25.0100,\r\n      "days" : 10,\r\n      "totalPercentage" : 100.0000\r\n    },\r\n    "lcData" : {\r\n      "advPayPercentage" : 50.0000,\r\n      "sightPercentage" : 25.0000,\r\n      "usancePercentage" : 25.0000,\r\n      "days" : 10,\r\n      "totalPercentage" : 100.0000\r\n    },\r\n    "paymentInformation" : {\r\n      "beneficiaryName" : "John Doe",\r\n      "beneficiaryAddress" : "122 M Amir trade center , Allama Iqbal Road? SITE first   Floor",\r\n      "beneficiaryCountry" : "PAK",\r\n      "beneficiaryIban" : "PK35ASCM0000121234567890",\r\n      "exporterName" : "New Supplier",\r\n      "exporterAddress" : "\\"Jabel Omar, Building No. 244, 26th Floor, Abu Dhabi, UAE",\r\n      "exporterCountry" : "FRA",\r\n      "portOfShipment" : "AEDXB",\r\n      "deliveryTerms" : "CFR",\r\n      "totalInvoiceValue" : 5000.0002,\r\n      "invoiceCurrency" : "USD",\r\n      "exchangeRate" : 160.0000,\r\n      "lcContractNo" : "2009LCS2004800PK"\r\n    },\r\n    "itemInformation" : [ {\r\n      "hsCode" : "\\"9246.1000",\r\n      "goodsDescription" : "FOR WEAVING FABRICS OF A WIDTH NOT EXCEEDING ",\r\n      "quantity" : 2,\r\n      "uom" : "KG",\r\n      "countryOfOrigin" : "CHN",\r\n      "sample" : "N",\r\n      "sampleValue" : ""\r\n    }, {\r\n      "hsCode" : "8446.1000",\r\n      "goodsDescription" : "FOR WEAVING FABRICS OF A WIDTH NOT EXCEEDING ",\r\n      "quantity" : 5,\r\n      "uom" : "KG",\r\n      "countryOfOrigin" : "CHN",\r\n      "sample" : "Y",\r\n      "sampleValue" : "1000.0000"\r\n    } ],\r\n    "financialTranInformation" : {\r\n      "intendedPayDate" : 1617878882000,\r\n      "transportDocDate" : 1616410089000,\r\n      "finalDateOfShipment" : 1610102871000\r\n    }\r\n  }\r\n}', '2021-04-08 17:52:55', 200, ' Updated financial transaction data for import', '{\r\n  "messageId" : "a1374655-5eb8-4a0e-9eb5-0989521cd1ca",\r\n  "timestamp" : 1617886374755,\r\n  "senderId" : "SLKB",\r\n  "receiverId" : "SLKB",\r\n  "responseCode" : "200",\r\n  "signature" : "SLKB_SIGNATURE_ABCBC",\r\n  "message" : {\r\n    "code" : "200",\r\n    "description" : " Updated financial transaction data for import"\r\n  },\r\n  "data" : "",\r\n  "methodId" : "1520"\r\n}', '2021-04-08 17:52:56', 'SLKB'),
	(31, '2021-04-08 17:53:50', NULL, 'Sharing Financial Transaction Data with PSW by AD', 'PSW', 'POST', '{\r\n  "messageId" : "a1374655-5eb8-4a0e-9eb5-0989521cd1ca",\r\n  "timestamp" : 1617886429551,\r\n  "senderId" : "SLKB",\r\n  "receiverId" : "PSW",\r\n  "processingCode" : "03",\r\n  "methodId" : "1520",\r\n  "signature" : "SLKB_SIGNATURE_ABCBC",\r\n  "data" : {\r\n    "importerNtn" : "0425425",\r\n    "importerName" : "Schlumberger Seaco Inc",\r\n    "remittanceFromPak" : "Y",\r\n    "modeOfPayment" : "304",\r\n    "finInsUniqueNumber" : "2009LCS3004700PK",\r\n    "remarks" : "\\"For industry use",\r\n    "contractCollectionData" : {\r\n      "advPayPercentage" : 50.0000,\r\n      "docAgainstPayPercentage" : 24.0900,\r\n      "docAgainstAcceptancePercentage" : 25.0100,\r\n      "days" : 10,\r\n      "totalPercentage" : 100.0000\r\n    },\r\n    "lcData" : {\r\n      "advPayPercentage" : 50.0000,\r\n      "sightPercentage" : 25.0000,\r\n      "usancePercentage" : 25.0000,\r\n      "days" : 10,\r\n      "totalPercentage" : 100.0000\r\n    },\r\n    "paymentInformation" : {\r\n      "beneficiaryName" : "John Doe",\r\n      "beneficiaryAddress" : "122 M Amir trade center , Allama Iqbal Road? SITE first   Floor",\r\n      "beneficiaryCountry" : "PAK",\r\n      "beneficiaryIban" : "PK35ASCM0000121234567890",\r\n      "exporterName" : "New Supplier",\r\n      "exporterAddress" : "\\"Jabel Omar, Building No. 244, 26th Floor, Abu Dhabi, UAE",\r\n      "exporterCountry" : "FRA",\r\n      "portOfShipment" : "AEDXB",\r\n      "deliveryTerms" : "CFR",\r\n      "totalInvoiceValue" : 5000.0002,\r\n      "invoiceCurrency" : "USD",\r\n      "exchangeRate" : 160.0000,\r\n      "lcContractNo" : "2009LCS2004800PK"\r\n    },\r\n    "itemInformation" : [ {\r\n      "hsCode" : "\\"9246.1000",\r\n      "goodsDescription" : "FOR WEAVING FABRICS OF A WIDTH NOT EXCEEDING ",\r\n      "quantity" : 2,\r\n      "uom" : "KG",\r\n      "countryOfOrigin" : "CHN",\r\n      "sample" : "N",\r\n      "sampleValue" : ""\r\n    }, {\r\n      "hsCode" : "8446.1000",\r\n      "goodsDescription" : "FOR WEAVING FABRICS OF A WIDTH NOT EXCEEDING ",\r\n      "quantity" : 5,\r\n      "uom" : "KG",\r\n      "countryOfOrigin" : "CHN",\r\n      "sample" : "Y",\r\n      "sampleValue" : "1000.0000"\r\n    } ],\r\n    "financialTranInformation" : {\r\n      "intendedPayDate" : 1617878882000,\r\n      "transportDocDate" : 1616410089000,\r\n      "finalDateOfShipment" : 1610102871000\r\n    }\r\n  }\r\n}', '2021-04-08 17:53:50', 200, ' Updated financial transaction data for import', '{\r\n  "messageId" : "a1374655-5eb8-4a0e-9eb5-0989521cd1ca",\r\n  "timestamp" : 1617886429551,\r\n  "senderId" : "SLKB",\r\n  "receiverId" : "SLKB",\r\n  "responseCode" : "200",\r\n  "signature" : "SLKB_SIGNATURE_ABCBC",\r\n  "message" : {\r\n    "code" : "200",\r\n    "description" : " Updated financial transaction data for import"\r\n  },\r\n  "data" : "",\r\n  "methodId" : "1520"\r\n}', '2021-04-08 17:53:50', 'SLKB'),
	(32, '2021-04-08 17:59:05', NULL, 'Sharing Financial Transaction Data with PSW by AD', 'PSW', 'POST', '{\r\n  "messageId" : "a1374655-5eb8-4a0e-9eb5-0989521cd1ca",\r\n  "timestamp" : 1617886744414,\r\n  "senderId" : "SLKB",\r\n  "receiverId" : "PSW",\r\n  "processingCode" : "03",\r\n  "methodId" : "1520",\r\n  "signature" : "SLKB_SIGNATURE_ABCBC",\r\n  "data" : {\r\n    "importerNtn" : "0425425",\r\n    "importerName" : "Schlumberger Seaco Inc",\r\n    "remittanceFromPak" : "Y",\r\n    "modeOfPayment" : "304",\r\n    "finInsUniqueNumber" : "2009LCS3004700PK",\r\n    "remarks" : "\\"For industry use",\r\n    "contractCollectionData" : {\r\n      "advPayPercentage" : 50.0000,\r\n      "docAgainstPayPercentage" : 24.0900,\r\n      "docAgainstAcceptancePercentage" : 25.0100,\r\n      "days" : 10,\r\n      "totalPercentage" : 100.0000\r\n    },\r\n    "lcData" : null,\r\n    "paymentInformation" : {\r\n      "beneficiaryName" : "John Doe",\r\n      "beneficiaryAddress" : "122 M Amir trade center , Allama Iqbal Road? SITE first   Floor",\r\n      "beneficiaryCountry" : "PAK",\r\n      "beneficiaryIban" : "PK35ASCM0000121234567890",\r\n      "exporterName" : "New Supplier",\r\n      "exporterAddress" : "\\"Jabel Omar, Building No. 244, 26th Floor, Abu Dhabi, UAE",\r\n      "exporterCountry" : "FRA",\r\n      "portOfShipment" : "AEDXB",\r\n      "deliveryTerms" : "CFR",\r\n      "totalInvoiceValue" : 5000.0002,\r\n      "invoiceCurrency" : "USD",\r\n      "exchangeRate" : 160.0000,\r\n      "lcContractNo" : "2009LCS2004800PK"\r\n    },\r\n    "itemInformation" : [ {\r\n      "hsCode" : "\\"9246.1000",\r\n      "goodsDescription" : "FOR WEAVING FABRICS OF A WIDTH NOT EXCEEDING ",\r\n      "quantity" : 2,\r\n      "uom" : "KG",\r\n      "countryOfOrigin" : "CHN",\r\n      "sample" : "N",\r\n      "sampleValue" : ""\r\n    }, {\r\n      "hsCode" : "8446.1000",\r\n      "goodsDescription" : "FOR WEAVING FABRICS OF A WIDTH NOT EXCEEDING ",\r\n      "quantity" : 5,\r\n      "uom" : "KG",\r\n      "countryOfOrigin" : "CHN",\r\n      "sample" : "Y",\r\n      "sampleValue" : "1000.0000"\r\n    } ],\r\n    "financialTranInformation" : {\r\n      "intendedPayDate" : 1617878882000,\r\n      "transportDocDate" : 1616410089000,\r\n      "finalDateOfShipment" : 1610102871000\r\n    }\r\n  }\r\n}', '2021-04-08 17:59:05', 200, ' Updated financial transaction data for import', '{\r\n  "messageId" : "a1374655-5eb8-4a0e-9eb5-0989521cd1ca",\r\n  "timestamp" : 1617886744414,\r\n  "senderId" : "SLKB",\r\n  "receiverId" : "SLKB",\r\n  "responseCode" : "200",\r\n  "signature" : "SLKB_SIGNATURE_ABCBC",\r\n  "message" : {\r\n    "code" : "200",\r\n    "description" : " Updated financial transaction data for import"\r\n  },\r\n  "data" : "",\r\n  "methodId" : "1520"\r\n}', '2021-04-08 17:59:05', 'SLKB'),
	(33, '2021-04-08 18:00:21', NULL, 'Sharing Financial Transaction Data with PSW by AD', 'PSW', 'POST', '{\r\n  "messageId" : "a1374655-5eb8-4a0e-9eb5-0989521cd1ca",\r\n  "timestamp" : 1617886820449,\r\n  "senderId" : "SLKB",\r\n  "receiverId" : "PSW",\r\n  "processingCode" : "03",\r\n  "methodId" : "1520",\r\n  "signature" : "SLKB_SIGNATURE_ABCBC",\r\n  "data" : {\r\n    "importerNtn" : "0425425",\r\n    "importerName" : "Schlumberger Seaco Inc",\r\n    "remittanceFromPak" : "Y",\r\n    "modeOfPayment" : "301",\r\n    "finInsUniqueNumber" : "2009LCS3004700PK",\r\n    "remarks" : "\\"For industry use",\r\n    "contractCollectionData" : null,\r\n    "lcData" : {\r\n      "advPayPercentage" : 50.0000,\r\n      "sightPercentage" : 25.0000,\r\n      "usancePercentage" : 25.0000,\r\n      "days" : 10,\r\n      "totalPercentage" : 100.0000\r\n    },\r\n    "paymentInformation" : {\r\n      "beneficiaryName" : "John Doe",\r\n      "beneficiaryAddress" : "122 M Amir trade center , Allama Iqbal Road? SITE first   Floor",\r\n      "beneficiaryCountry" : "PAK",\r\n      "beneficiaryIban" : "PK35ASCM0000121234567890",\r\n      "exporterName" : "New Supplier",\r\n      "exporterAddress" : "\\"Jabel Omar, Building No. 244, 26th Floor, Abu Dhabi, UAE",\r\n      "exporterCountry" : "FRA",\r\n      "portOfShipment" : "AEDXB",\r\n      "deliveryTerms" : "CFR",\r\n      "totalInvoiceValue" : 5000.0002,\r\n      "invoiceCurrency" : "USD",\r\n      "exchangeRate" : 160.0000,\r\n      "lcContractNo" : "2009LCS2004800PK"\r\n    },\r\n    "itemInformation" : [ {\r\n      "hsCode" : "\\"9246.1000",\r\n      "goodsDescription" : "FOR WEAVING FABRICS OF A WIDTH NOT EXCEEDING ",\r\n      "quantity" : 2,\r\n      "uom" : "KG",\r\n      "countryOfOrigin" : "CHN",\r\n      "sample" : "N",\r\n      "sampleValue" : ""\r\n    }, {\r\n      "hsCode" : "8446.1000",\r\n      "goodsDescription" : "FOR WEAVING FABRICS OF A WIDTH NOT EXCEEDING ",\r\n      "quantity" : 5,\r\n      "uom" : "KG",\r\n      "countryOfOrigin" : "CHN",\r\n      "sample" : "Y",\r\n      "sampleValue" : "1000.0000"\r\n    } ],\r\n    "financialTranInformation" : {\r\n      "intendedPayDate" : 1617878882000,\r\n      "transportDocDate" : 1616410089000,\r\n      "finalDateOfShipment" : 1610102871000\r\n    }\r\n  }\r\n}', '2021-04-08 18:00:21', 200, ' Updated financial transaction data for import', '{\r\n  "messageId" : "a1374655-5eb8-4a0e-9eb5-0989521cd1ca",\r\n  "timestamp" : 1617886820449,\r\n  "senderId" : "SLKB",\r\n  "receiverId" : "SLKB",\r\n  "responseCode" : "200",\r\n  "signature" : "SLKB_SIGNATURE_ABCBC",\r\n  "message" : {\r\n    "code" : "200",\r\n    "description" : " Updated financial transaction data for import"\r\n  },\r\n  "data" : "",\r\n  "methodId" : "1520"\r\n}', '2021-04-08 18:00:21', 'SLKB'),
	(34, '2021-04-09 16:34:12', NULL, 'Sharing of GD and Financial Information with AD by PSW', 'SCB', 'POST', '{\r\n  "messageId" : "a1374655-5eb8-4a0e-9eb5-989521cd1ca8",\r\n  "timestamp" : 20200925183412,\r\n  "senderId" : "PSW",\r\n  "receiverId" : "SCB",\r\n  "processingCode" : "101",\r\n  "methodId" : null,\r\n  "signature" : "82045ede93efbbcbea55da67c6655e9b",\r\n  "data" : {\r\n    "gdNumber" : "KPPI-HC-86-03-09-2020",\r\n    "gdType" : "Home Consumption",\r\n    "consignmentCategory" : "Commercial",\r\n    "collectorate" : "Qasim International Container Terminal",\r\n    "blAwbNumber" : "BL-24923231",\r\n    "blAwbDate" : "20210922",\r\n    "virAirNumber" : "KEWB-0005-010112020",\r\n    "consignorConsigneeInfo" : {\r\n      "ntnFtn" : "0425425",\r\n      "strn" : "1700003019489",\r\n      "consigneeName" : "PSW",\r\n      "consigneeAddress" : "PECHS",\r\n      "consignorName" : "M/S. International Jute Traders",\r\n      "consignorAddress" : "95, MOTIJHEEL COMMERCIAL AREA (2ND FLOOR) BANGLADESH."\r\n    },\r\n    "financialInfo" : {\r\n      "beneficiaryName" : "John Doe",\r\n      "beneficiaryAddress" : "122 M Amir trade center , Allama Iqbal Road? SITE first floor",\r\n      "beneficiaryCountry" : "PAK",\r\n      "beneficiaryIban" : "PK08ALFH0123000123456789",\r\n      "exporterName" : "New Supplier",\r\n      "exporterAddress" : "Jabel Omar, Building No. 244, 26th Floor, Abu Dhabi, UAE.",\r\n      "exporterCountry" : "FRA",\r\n      "modeOfPayment" : "Letter of Credit",\r\n      "finInsUniqueNumber" : "2009LCS3004700PK",\r\n      "contractCollectionData" : {\r\n        "advPayPercentage" : 50,\r\n        "docAgainstPayPercentage" : 25,\r\n        "docAgainstAcceptancePercentage" : 25,\r\n        "days" : 10,\r\n        "totalPercentage" : 100\r\n      },\r\n      "lcData" : {\r\n        "advPayPercentage" : 50,\r\n        "sightPercentage" : 25,\r\n        "usancePercentage" : 25,\r\n        "days" : 10,\r\n        "totalPercentage" : 100\r\n      },\r\n      "intendedPayDate" : "20200924",\r\n      "transportDocDate" : "20201012",\r\n      "invoiceCurrency" : "USD",\r\n      "invoiceNumber" : "AS1234567",\r\n      "invoiceDate" : "20200223",\r\n      "invoiceValue" : 5000.0002,\r\n      "deliveryTerm" : "CFR",\r\n      "fobValueUsd" : 1.0000,\r\n      "freightUsd" : 1.0000,\r\n      "cfrValueUsd" : 1.0000,\r\n      "insuranceUsd" : 0.0000,\r\n      "landingChargesUsd" : 100.0000,\r\n      "assessedValueUsd" : 50.0000,\r\n      "otherCharges" : 0.0000,\r\n      "exchangeRate" : 158.0000\r\n    },\r\n    "generalInformation" : {\r\n      "packagesInformation" : [ {\r\n        "id" : null,\r\n        "numberOfPackages" : 100.000,\r\n        "packageType" : "Box",\r\n        "netWeight" : null,\r\n        "grossWeight" : null,\r\n        "gd" : null\r\n      }, {\r\n        "id" : null,\r\n        "numberOfPackages" : 100.000,\r\n        "packageType" : "Pallete",\r\n        "netWeight" : null,\r\n        "grossWeight" : null,\r\n        "gd" : null\r\n      } ],\r\n      "containerVehicleInformation" : [ {\r\n        "id" : null,\r\n        "containerOrTruckNumber" : "ASF9999991",\r\n        "containerType" : "20FT",\r\n        "sealNumber" : "SL2674",\r\n        "gd" : null\r\n      }, {\r\n        "id" : null,\r\n        "containerOrTruckNumber" : "ASF9999992",\r\n        "containerType" : "40FT",\r\n        "sealNumber" : "SL2674",\r\n        "gd" : null\r\n      } ],\r\n      "netWeight" : "1.89400 MT",\r\n      "grossWeight" : "1.11400 MT",\r\n      "portOfShipment" : "CHN",\r\n      "portOfDelivery" : "DAV",\r\n      "portOfDischarge" : "DAV",\r\n      "terminalLocation" : "Qasim International Container Terminal"\r\n    },\r\n    "itemInformation" : [ {\r\n      "hsCode" : "8446.1000",\r\n      "goodsDescription" : null,\r\n      "quantity" : 6,\r\n      "uom" : "KG",\r\n      "countryOfOrigin" : null,\r\n      "sample" : null,\r\n      "sampleValue" : null,\r\n      "unitPrice" : 20.0000,\r\n      "totalValue" : 120.0000,\r\n      "importValue" : 120.0000,\r\n      "importValueInvoice" : 1000.0000\r\n    }, {\r\n      "hsCode" : "9246.1000",\r\n      "goodsDescription" : null,\r\n      "quantity" : 6,\r\n      "uom" : "KG",\r\n      "countryOfOrigin" : null,\r\n      "sample" : null,\r\n      "sampleValue" : null,\r\n      "unitPrice" : 20.0000,\r\n      "totalValue" : 120.0000,\r\n      "importValue" : 120.0000,\r\n      "importValueInvoice" : 1000.0000\r\n    } ]\r\n  }\r\n}', '2021-04-09 16:34:12', 200, 'Updated GD and financial information.', '{\r\n  "messageId" : null,\r\n  "timestamp" : null,\r\n  "senderId" : null,\r\n  "receiverId" : null,\r\n  "responseCode" : "200",\r\n  "signature" : null,\r\n  "message" : {\r\n    "code" : "200",\r\n    "description" : "Updated GD and financial information."\r\n  },\r\n  "data" : "{}"\r\n}', '2021-04-09 16:34:12', 'PSW'),
	(35, '2021-04-09 16:36:47', NULL, 'Sharing of GD and Financial Information with AD by PSW', 'SCB', 'POST', '{\r\n  "messageId" : "a1374655-5eb8-4a0e-9eb5-989521cd1ca8",\r\n  "timestamp" : 20200925183412,\r\n  "senderId" : "PSW",\r\n  "receiverId" : "SCB",\r\n  "processingCode" : "101",\r\n  "methodId" : null,\r\n  "signature" : "82045ede93efbbcbea55da67c6655e9b",\r\n  "data" : {\r\n    "gdNumber" : "KPPI-HC-86-03-09-2020",\r\n    "gdType" : "Home Consumption",\r\n    "consignmentCategory" : "Commercial",\r\n    "collectorate" : "Qasim International Container Terminal",\r\n    "blAwbNumber" : "BL-24923231",\r\n    "blAwbDate" : "20210922",\r\n    "virAirNumber" : "KEWB-0005-010112020",\r\n    "consignorConsigneeInfo" : {\r\n      "ntnFtn" : "0425425",\r\n      "strn" : "1700003019489",\r\n      "consigneeName" : "PSW",\r\n      "consigneeAddress" : "PECHS",\r\n      "consignorName" : "M/S. International Jute Traders",\r\n      "consignorAddress" : "95, MOTIJHEEL COMMERCIAL AREA (2ND FLOOR) BANGLADESH."\r\n    },\r\n    "financialInfo" : {\r\n      "beneficiaryName" : "John Doe",\r\n      "beneficiaryAddress" : "122 M Amir trade center , Allama Iqbal Road? SITE first floor",\r\n      "beneficiaryCountry" : "PAK",\r\n      "beneficiaryIban" : "PK08ALFH0123000123456789",\r\n      "exporterName" : "New Supplier",\r\n      "exporterAddress" : "Jabel Omar, Building No. 244, 26th Floor, Abu Dhabi, UAE.",\r\n      "exporterCountry" : "FRA",\r\n      "modeOfPayment" : "Letter of Credit",\r\n      "finInsUniqueNumber" : "2009LCS3004700PK",\r\n      "contractCollectionData" : {\r\n        "advPayPercentage" : 50,\r\n        "docAgainstPayPercentage" : 25,\r\n        "docAgainstAcceptancePercentage" : 25,\r\n        "days" : 10,\r\n        "totalPercentage" : 100\r\n      },\r\n      "lcData" : {\r\n        "advPayPercentage" : 50,\r\n        "sightPercentage" : 25,\r\n        "usancePercentage" : 25,\r\n        "days" : 10,\r\n        "totalPercentage" : 100\r\n      },\r\n      "intendedPayDate" : "20200924",\r\n      "transportDocDate" : "20201012",\r\n      "invoiceCurrency" : "USD",\r\n      "invoiceNumber" : "AS1234567",\r\n      "invoiceDate" : "20200223",\r\n      "invoiceValue" : 5000.0002,\r\n      "deliveryTerm" : "CFR",\r\n      "fobValueUsd" : 1.0000,\r\n      "freightUsd" : 1.0000,\r\n      "cfrValueUsd" : 1.0000,\r\n      "insuranceUsd" : 0.0000,\r\n      "landingChargesUsd" : 100.0000,\r\n      "assessedValueUsd" : 50.0000,\r\n      "otherCharges" : 0.0000,\r\n      "exchangeRate" : 158.0000\r\n    },\r\n    "generalInformation" : {\r\n      "packagesInformation" : [ {\r\n        "id" : null,\r\n        "numberOfPackages" : 100.000,\r\n        "packageType" : "Box",\r\n        "netWeight" : null,\r\n        "grossWeight" : null,\r\n        "gd" : null\r\n      }, {\r\n        "id" : null,\r\n        "numberOfPackages" : 100.000,\r\n        "packageType" : "Pallete",\r\n        "netWeight" : null,\r\n        "grossWeight" : null,\r\n        "gd" : null\r\n      } ],\r\n      "containerVehicleInformation" : [ {\r\n        "id" : null,\r\n        "containerOrTruckNumber" : "ASF9999991",\r\n        "containerType" : "20FT",\r\n        "sealNumber" : "SL2674",\r\n        "gd" : null\r\n      }, {\r\n        "id" : null,\r\n        "containerOrTruckNumber" : "ASF9999992",\r\n        "containerType" : "40FT",\r\n        "sealNumber" : "SL2674",\r\n        "gd" : null\r\n      } ],\r\n      "netWeight" : "1.89400 MT",\r\n      "grossWeight" : "1.11400 MT",\r\n      "portOfShipment" : "CHN",\r\n      "portOfDelivery" : "DAV",\r\n      "portOfDischarge" : "DAV",\r\n      "terminalLocation" : "Qasim International Container Terminal"\r\n    },\r\n    "itemInformation" : [ {\r\n      "hsCode" : "8446.1000",\r\n      "goodsDescription" : null,\r\n      "quantity" : 6,\r\n      "uom" : "KG",\r\n      "countryOfOrigin" : null,\r\n      "sample" : null,\r\n      "sampleValue" : null,\r\n      "unitPrice" : 20.0000,\r\n      "totalValue" : 120.0000,\r\n      "importValue" : 120.0000,\r\n      "importValueInvoice" : 1000.0000\r\n    }, {\r\n      "hsCode" : "9246.1000",\r\n      "goodsDescription" : null,\r\n      "quantity" : 6,\r\n      "uom" : "KG",\r\n      "countryOfOrigin" : null,\r\n      "sample" : null,\r\n      "sampleValue" : null,\r\n      "unitPrice" : 20.0000,\r\n      "totalValue" : 120.0000,\r\n      "importValue" : 120.0000,\r\n      "importValueInvoice" : 1000.0000\r\n    } ]\r\n  }\r\n}', '2021-04-09 16:36:47', 200, 'Updated GD and financial information.', '{\r\n  "messageId" : "a1374655-5eb8-4a0e-9eb5-989521cd1ca8",\r\n  "timestamp" : 20200925183412,\r\n  "senderId" : "SLKB",\r\n  "receiverId" : "PSW",\r\n  "responseCode" : "200",\r\n  "signature" : "82045ede93efbbcbea55da67c6655e9b",\r\n  "message" : {\r\n    "code" : "200",\r\n    "description" : "Updated GD and financial information."\r\n  },\r\n  "data" : "{}"\r\n}', '2021-04-09 16:36:47', 'PSW'),
	(36, '2021-04-14 15:16:10', NULL, 'Sharing of BDA Information by AD with PSW', 'PSW', 'POST', '{\r\n  "messageId" : "a1374655-5eb8-4a0e-9eb5-0989521cd1ca",\r\n  "timestamp" : 1618395368564,\r\n  "senderId" : "SLKB",\r\n  "receiverId" : "PSW",\r\n  "processingCode" : "03",\r\n  "methodId" : "1522",\r\n  "signature" : "SLKB_SIGNATURE_ABCBC",\r\n  "data" : {\r\n    "bdaUniqueIdNumber" : "95948256321124",\r\n    "gdNumber" : "KPPI-HC-86-03-09-2020",\r\n    "iban" : "PK87HABB0007867901716910",\r\n    "importerNtn" : "0425426",\r\n    "importerName" : "Schlumberger Seaco Inc",\r\n    "bdaDate" : "20210410",\r\n    "modeOfPayment" : "301",\r\n    "finInsUniqueNumber" : "2009LCS3004700PK",\r\n    "bdaInformation" : {\r\n      "totalBdaAmountFcy" : 89789.0000,\r\n      "totalBdaAmountCurrency" : "USD",\r\n      "sampleAmountExclude" : 100.0000,\r\n      "sampleAmountCurrency" : "USD",\r\n      "netBdaAmountFcy" : 89789.0000,\r\n      "netBdaAmountCurrency" : "USD",\r\n      "exchangeRateFcy" : 167.8630,\r\n      "netBdaAmountPkr" : 9789789.0000,\r\n      "amountInWords" : "\\"Nine Million Seven Hundred Eighty-Nine Thousand Seven Hundred Eighty-Nine Dollars",\r\n      "currencyFcy" : "USD",\r\n      "bdaAmountFcy" : 89789.0000,\r\n      "bdaAmountPkr" : 9785659.0000,\r\n      "bdaDocumentRefNumber" : "0043545",\r\n      "commisionAmountFcy" : 1789.0000,\r\n      "commisionAmountPkr" : 19789.0000,\r\n      "fedFcy" : 8789.0000,\r\n      "fedAmountPkr" : 90789.0000,\r\n      "swiftChargesPkr" : 6454.0000,\r\n      "otherChargesPkr" : 1200.0000,\r\n      "remarks" : "Cleared",\r\n      "balanceBdaAmountFcy" : 89789.0000\r\n    }\r\n  }\r\n}', '2021-04-14 15:16:09', 200, ' Updated BDA Info for import', '{\r\n  "messageId" : "a1374655-5eb8-4a0e-9eb5-0989521cd1ca",\r\n  "timestamp" : 1618395368564,\r\n  "senderId" : "SLKB",\r\n  "receiverId" : "SLKB",\r\n  "responseCode" : "200",\r\n  "signature" : "SLKB_SIGNATURE_ABCBC",\r\n  "message" : {\r\n    "code" : "200",\r\n    "description" : " Updated BDA Info for import"\r\n  },\r\n  "data" : "",\r\n  "methodId" : "1522"\r\n}', '2021-04-14 15:16:10', 'SLKB'),
	(37, '2021-04-14 15:16:34', NULL, 'Sharing of BDA Information by AD with PSW', 'PSW', 'POST', '{\r\n  "messageId" : "a1374655-5eb8-4a0e-9eb5-0989521cd1ca",\r\n  "timestamp" : 1618395393568,\r\n  "senderId" : "SLKB",\r\n  "receiverId" : "PSW",\r\n  "processingCode" : "03",\r\n  "methodId" : "1522",\r\n  "signature" : "SLKB_SIGNATURE_ABCBC",\r\n  "data" : {\r\n    "bdaUniqueIdNumber" : "95948256321124",\r\n    "gdNumber" : "KPPI-HC-86-03-09-2020",\r\n    "iban" : "PK87HABB0007867901716910",\r\n    "importerNtn" : "0425426",\r\n    "importerName" : "Schlumberger Seaco Inc",\r\n    "bdaDate" : "20210410",\r\n    "modeOfPayment" : "301",\r\n    "finInsUniqueNumber" : "2009LCS3004700PK",\r\n    "bdaInformation" : {\r\n      "totalBdaAmountFcy" : 89789.0000,\r\n      "totalBdaAmountCurrency" : "USD",\r\n      "sampleAmountExclude" : 100.0000,\r\n      "sampleAmountCurrency" : "USD",\r\n      "netBdaAmountFcy" : 89789.0000,\r\n      "netBdaAmountCurrency" : "USD",\r\n      "exchangeRateFcy" : 167.8630,\r\n      "netBdaAmountPkr" : 9789789.0000,\r\n      "amountInWords" : "\\"Nine Million Seven Hundred Eighty-Nine Thousand Seven Hundred Eighty-Nine Dollars",\r\n      "currencyFcy" : "USD",\r\n      "bdaAmountFcy" : 89789.0000,\r\n      "bdaAmountPkr" : 9785659.0000,\r\n      "bdaDocumentRefNumber" : "0043545",\r\n      "commisionAmountFcy" : 1789.0000,\r\n      "commisionAmountPkr" : 19789.0000,\r\n      "fedFcy" : 8789.0000,\r\n      "fedAmountPkr" : 90789.0000,\r\n      "swiftChargesPkr" : 6454.0000,\r\n      "otherChargesPkr" : 1200.0000,\r\n      "remarks" : "Cleared",\r\n      "balanceBdaAmountFcy" : 89789.0000\r\n    }\r\n  }\r\n}', '2021-04-14 15:16:34', 200, ' Updated BDA Info for import', '{\r\n  "messageId" : "a1374655-5eb8-4a0e-9eb5-0989521cd1ca",\r\n  "timestamp" : 1618395393568,\r\n  "senderId" : "SLKB",\r\n  "receiverId" : "SLKB",\r\n  "responseCode" : "200",\r\n  "signature" : "SLKB_SIGNATURE_ABCBC",\r\n  "message" : {\r\n    "code" : "200",\r\n    "description" : " Updated BDA Info for import"\r\n  },\r\n  "data" : "",\r\n  "methodId" : "1522"\r\n}', '2021-04-14 15:16:34', 'SLKB'),
	(38, '2021-04-14 15:16:43', NULL, 'Sharing of BDA Information by AD with PSW', 'PSW', 'POST', '{\r\n  "messageId" : "a1374655-5eb8-4a0e-9eb5-0989521cd1ca",\r\n  "timestamp" : 1618395402546,\r\n  "senderId" : "SLKB",\r\n  "receiverId" : "PSW",\r\n  "processingCode" : "03",\r\n  "methodId" : "1522",\r\n  "signature" : "SLKB_SIGNATURE_ABCBC",\r\n  "data" : {\r\n    "bdaUniqueIdNumber" : "95948256321124",\r\n    "gdNumber" : "KPPI-HC-86-03-09-2020",\r\n    "iban" : "PK87HABB0007867901716910",\r\n    "importerNtn" : "0425426",\r\n    "importerName" : "Schlumberger Seaco Inc",\r\n    "bdaDate" : "20210410",\r\n    "modeOfPayment" : "301",\r\n    "finInsUniqueNumber" : "2009LCS3004700PK",\r\n    "bdaInformation" : {\r\n      "totalBdaAmountFcy" : 89789.0000,\r\n      "totalBdaAmountCurrency" : "USD",\r\n      "sampleAmountExclude" : 100.0000,\r\n      "sampleAmountCurrency" : "USD",\r\n      "netBdaAmountFcy" : 89789.0000,\r\n      "netBdaAmountCurrency" : "USD",\r\n      "exchangeRateFcy" : 167.8630,\r\n      "netBdaAmountPkr" : 9789789.0000,\r\n      "amountInWords" : "\\"Nine Million Seven Hundred Eighty-Nine Thousand Seven Hundred Eighty-Nine Dollars",\r\n      "currencyFcy" : "USD",\r\n      "bdaAmountFcy" : 89789.0000,\r\n      "bdaAmountPkr" : 9785659.0000,\r\n      "bdaDocumentRefNumber" : "0043545",\r\n      "commisionAmountFcy" : 1789.0000,\r\n      "commisionAmountPkr" : 19789.0000,\r\n      "fedFcy" : 8789.0000,\r\n      "fedAmountPkr" : 90789.0000,\r\n      "swiftChargesPkr" : 6454.0000,\r\n      "otherChargesPkr" : 1200.0000,\r\n      "remarks" : "Cleared",\r\n      "balanceBdaAmountFcy" : 89789.0000\r\n    }\r\n  }\r\n}', '2021-04-14 15:16:43', 200, ' Updated BDA Info for import', '{\r\n  "messageId" : "a1374655-5eb8-4a0e-9eb5-0989521cd1ca",\r\n  "timestamp" : 1618395402546,\r\n  "senderId" : "SLKB",\r\n  "receiverId" : "SLKB",\r\n  "responseCode" : "200",\r\n  "signature" : "SLKB_SIGNATURE_ABCBC",\r\n  "message" : {\r\n    "code" : "200",\r\n    "description" : " Updated BDA Info for import"\r\n  },\r\n  "data" : "",\r\n  "methodId" : "1522"\r\n}', '2021-04-14 15:16:43', 'SLKB'),
	(39, '2021-04-14 15:16:45', NULL, 'Sharing of BDA Information by AD with PSW', 'PSW', 'POST', '{\r\n  "messageId" : "a1374655-5eb8-4a0e-9eb5-0989521cd1ca",\r\n  "timestamp" : 1618395405162,\r\n  "senderId" : "SLKB",\r\n  "receiverId" : "PSW",\r\n  "processingCode" : "03",\r\n  "methodId" : "1522",\r\n  "signature" : "SLKB_SIGNATURE_ABCBC",\r\n  "data" : {\r\n    "bdaUniqueIdNumber" : "95948256321124",\r\n    "gdNumber" : "KPPI-HC-86-03-09-2020",\r\n    "iban" : "PK87HABB0007867901716910",\r\n    "importerNtn" : "0425426",\r\n    "importerName" : "Schlumberger Seaco Inc",\r\n    "bdaDate" : "20210410",\r\n    "modeOfPayment" : "301",\r\n    "finInsUniqueNumber" : "2009LCS3004700PK",\r\n    "bdaInformation" : {\r\n      "totalBdaAmountFcy" : 89789.0000,\r\n      "totalBdaAmountCurrency" : "USD",\r\n      "sampleAmountExclude" : 100.0000,\r\n      "sampleAmountCurrency" : "USD",\r\n      "netBdaAmountFcy" : 89789.0000,\r\n      "netBdaAmountCurrency" : "USD",\r\n      "exchangeRateFcy" : 167.8630,\r\n      "netBdaAmountPkr" : 9789789.0000,\r\n      "amountInWords" : "\\"Nine Million Seven Hundred Eighty-Nine Thousand Seven Hundred Eighty-Nine Dollars",\r\n      "currencyFcy" : "USD",\r\n      "bdaAmountFcy" : 89789.0000,\r\n      "bdaAmountPkr" : 9785659.0000,\r\n      "bdaDocumentRefNumber" : "0043545",\r\n      "commisionAmountFcy" : 1789.0000,\r\n      "commisionAmountPkr" : 19789.0000,\r\n      "fedFcy" : 8789.0000,\r\n      "fedAmountPkr" : 90789.0000,\r\n      "swiftChargesPkr" : 6454.0000,\r\n      "otherChargesPkr" : 1200.0000,\r\n      "remarks" : "Cleared",\r\n      "balanceBdaAmountFcy" : 89789.0000\r\n    }\r\n  }\r\n}', '2021-04-14 15:16:45', 200, ' Updated BDA Info for import', '{\r\n  "messageId" : "a1374655-5eb8-4a0e-9eb5-0989521cd1ca",\r\n  "timestamp" : 1618395405162,\r\n  "senderId" : "SLKB",\r\n  "receiverId" : "SLKB",\r\n  "responseCode" : "200",\r\n  "signature" : "SLKB_SIGNATURE_ABCBC",\r\n  "message" : {\r\n    "code" : "200",\r\n    "description" : " Updated BDA Info for import"\r\n  },\r\n  "data" : "",\r\n  "methodId" : "1522"\r\n}', '2021-04-14 15:16:45', 'SLKB'),
	(40, '2021-04-14 15:16:52', NULL, 'Sharing of GD and Financial Information with AD by PSW', 'SCB', 'POST', '{\r\n  "messageId" : "a1374655-5eb8-4a0e-9eb5-989521cd1ca8",\r\n  "timestamp" : 20200925183412,\r\n  "senderId" : "PSW",\r\n  "receiverId" : "SCB",\r\n  "processingCode" : "101",\r\n  "methodId" : null,\r\n  "signature" : "82045ede93efbbcbea55da67c6655e9b",\r\n  "data" : {\r\n    "gdNumber" : "KPPI-HC-86-03-09-2020",\r\n    "gdType" : "Home Consumption",\r\n    "consignmentCategory" : "Commercial",\r\n    "collectorate" : "Qasim International Container Terminal",\r\n    "blAwbNumber" : "BL-24923231",\r\n    "blAwbDate" : "20210922",\r\n    "virAirNumber" : "KEWB-0005-010112020",\r\n    "consignorConsigneeInfo" : {\r\n      "ntnFtn" : "0425425",\r\n      "strn" : "1700003019489",\r\n      "consigneeName" : "PSW",\r\n      "consigneeAddress" : "PECHS",\r\n      "consignorName" : "M/S. International Jute Traders",\r\n      "consignorAddress" : "95, MOTIJHEEL COMMERCIAL AREA (2ND FLOOR) BANGLADESH."\r\n    },\r\n    "financialInfo" : {\r\n      "beneficiaryName" : "John Doe",\r\n      "beneficiaryAddress" : "122 M Amir trade center , Allama Iqbal Road? SITE first floor",\r\n      "beneficiaryCountry" : "PAK",\r\n      "beneficiaryIban" : "PK08ALFH0123000123456789",\r\n      "exporterName" : "New Supplier",\r\n      "exporterAddress" : "Jabel Omar, Building No. 244, 26th Floor, Abu Dhabi, UAE.",\r\n      "exporterCountry" : "FRA",\r\n      "modeOfPayment" : "Letter of Credit",\r\n      "finInsUniqueNumber" : "2009LCS3004700PK",\r\n      "contractCollectionData" : {\r\n        "advPayPercentage" : 50,\r\n        "docAgainstPayPercentage" : 25,\r\n        "docAgainstAcceptancePercentage" : 25,\r\n        "days" : 10,\r\n        "totalPercentage" : 100\r\n      },\r\n      "lcData" : {\r\n        "advPayPercentage" : 50,\r\n        "sightPercentage" : 25,\r\n        "usancePercentage" : 25,\r\n        "days" : 10,\r\n        "totalPercentage" : 100\r\n      },\r\n      "intendedPayDate" : "20200924",\r\n      "transportDocDate" : "20201012",\r\n      "invoiceCurrency" : "USD",\r\n      "invoiceNumber" : "AS1234567",\r\n      "invoiceDate" : "20200223",\r\n      "invoiceValue" : 5000.0002,\r\n      "deliveryTerm" : "CFR",\r\n      "fobValueUsd" : 1.0000,\r\n      "freightUsd" : 1.0000,\r\n      "cfrValueUsd" : 1.0000,\r\n      "insuranceUsd" : 0.0000,\r\n      "landingChargesUsd" : 100.0000,\r\n      "assessedValueUsd" : 50.0000,\r\n      "otherCharges" : 0.0000,\r\n      "exchangeRate" : 158.0000\r\n    },\r\n    "generalInformation" : {\r\n      "packagesInformation" : [ {\r\n        "id" : null,\r\n        "numberOfPackages" : 100.000,\r\n        "packageType" : "Pallete",\r\n        "netWeight" : null,\r\n        "grossWeight" : null,\r\n        "gd" : null\r\n      }, {\r\n        "id" : null,\r\n        "numberOfPackages" : 100.000,\r\n        "packageType" : "Box",\r\n        "netWeight" : null,\r\n        "grossWeight" : null,\r\n        "gd" : null\r\n      } ],\r\n      "containerVehicleInformation" : [ {\r\n        "id" : null,\r\n        "containerOrTruckNumber" : "ASF9999991",\r\n        "containerType" : "20FT",\r\n        "sealNumber" : "SL2674",\r\n        "gd" : null\r\n      }, {\r\n        "id" : null,\r\n        "containerOrTruckNumber" : "ASF9999992",\r\n        "containerType" : "40FT",\r\n        "sealNumber" : "SL2674",\r\n        "gd" : null\r\n      } ],\r\n      "netWeight" : "1.89400 MT",\r\n      "grossWeight" : "1.11400 MT",\r\n      "portOfShipment" : "CHN",\r\n      "portOfDelivery" : "DAV",\r\n      "portOfDischarge" : "DAV",\r\n      "terminalLocation" : "Qasim International Container Terminal"\r\n    },\r\n    "itemInformation" : [ {\r\n      "hsCode" : "8446.1000",\r\n      "goodsDescription" : null,\r\n      "quantity" : 6,\r\n      "uom" : "KG",\r\n      "countryOfOrigin" : null,\r\n      "sample" : null,\r\n      "sampleValue" : null,\r\n      "unitPrice" : 20.0000,\r\n      "totalValue" : 120.0000,\r\n      "importValue" : 120.0000,\r\n      "importValueInvoice" : 1000.0000\r\n    }, {\r\n      "hsCode" : "9246.1000",\r\n      "goodsDescription" : null,\r\n      "quantity" : 6,\r\n      "uom" : "KG",\r\n      "countryOfOrigin" : null,\r\n      "sample" : null,\r\n      "sampleValue" : null,\r\n      "unitPrice" : 20.0000,\r\n      "totalValue" : 120.0000,\r\n      "importValue" : 120.0000,\r\n      "importValueInvoice" : 1000.0000\r\n    } ]\r\n  }\r\n}', '2021-04-14 15:16:52', 200, 'Updated GD and financial information.', '{\r\n  "messageId" : "a1374655-5eb8-4a0e-9eb5-989521cd1ca8",\r\n  "timestamp" : 20200925183412,\r\n  "senderId" : "SLKB",\r\n  "receiverId" : "PSW",\r\n  "responseCode" : "200",\r\n  "signature" : "82045ede93efbbcbea55da67c6655e9b",\r\n  "message" : {\r\n    "code" : "200",\r\n    "description" : "Updated GD and financial information."\r\n  },\r\n  "data" : "{}"\r\n}', '2021-04-14 15:16:52', 'PSW'),
	(41, '2021-04-14 15:16:58', NULL, 'Sharing of BDA Information by AD with PSW', 'PSW', 'POST', '{\r\n  "messageId" : "a1374655-5eb8-4a0e-9eb5-0989521cd1ca",\r\n  "timestamp" : 1618395417608,\r\n  "senderId" : "SLKB",\r\n  "receiverId" : "PSW",\r\n  "processingCode" : "03",\r\n  "methodId" : "1522",\r\n  "signature" : "SLKB_SIGNATURE_ABCBC",\r\n  "data" : {\r\n    "bdaUniqueIdNumber" : "95948256321124",\r\n    "gdNumber" : "KPPI-HC-86-03-09-2020",\r\n    "iban" : "PK87HABB0007867901716910",\r\n    "importerNtn" : "0425426",\r\n    "importerName" : "Schlumberger Seaco Inc",\r\n    "bdaDate" : "20210410",\r\n    "modeOfPayment" : "301",\r\n    "finInsUniqueNumber" : "2009LCS3004700PK",\r\n    "bdaInformation" : {\r\n      "totalBdaAmountFcy" : 89789.0000,\r\n      "totalBdaAmountCurrency" : "USD",\r\n      "sampleAmountExclude" : 100.0000,\r\n      "sampleAmountCurrency" : "USD",\r\n      "netBdaAmountFcy" : 89789.0000,\r\n      "netBdaAmountCurrency" : "USD",\r\n      "exchangeRateFcy" : 167.8630,\r\n      "netBdaAmountPkr" : 9789789.0000,\r\n      "amountInWords" : "\\"Nine Million Seven Hundred Eighty-Nine Thousand Seven Hundred Eighty-Nine Dollars",\r\n      "currencyFcy" : "USD",\r\n      "bdaAmountFcy" : 89789.0000,\r\n      "bdaAmountPkr" : 9785659.0000,\r\n      "bdaDocumentRefNumber" : "0043545",\r\n      "commisionAmountFcy" : 1789.0000,\r\n      "commisionAmountPkr" : 19789.0000,\r\n      "fedFcy" : 8789.0000,\r\n      "fedAmountPkr" : 90789.0000,\r\n      "swiftChargesPkr" : 6454.0000,\r\n      "otherChargesPkr" : 1200.0000,\r\n      "remarks" : "Cleared",\r\n      "balanceBdaAmountFcy" : 89789.0000\r\n    }\r\n  }\r\n}', '2021-04-14 15:16:58', 200, ' Updated BDA Info for import', '{\r\n  "messageId" : "a1374655-5eb8-4a0e-9eb5-0989521cd1ca",\r\n  "timestamp" : 1618395417608,\r\n  "senderId" : "SLKB",\r\n  "receiverId" : "SLKB",\r\n  "responseCode" : "200",\r\n  "signature" : "SLKB_SIGNATURE_ABCBC",\r\n  "message" : {\r\n    "code" : "200",\r\n    "description" : " Updated BDA Info for import"\r\n  },\r\n  "data" : "",\r\n  "methodId" : "1522"\r\n}', '2021-04-14 15:16:58', 'SLKB'),
	(42, '2021-04-14 15:24:21', NULL, 'Sharing of BDA Information by AD with PSW', 'PSW', 'POST', '{\r\n  "messageId" : "a1374655-5eb8-4a0e-9eb5-0989521cd1ca",\r\n  "timestamp" : 1618395861313,\r\n  "senderId" : "SLKB",\r\n  "receiverId" : "PSW",\r\n  "processingCode" : "03",\r\n  "methodId" : "1522",\r\n  "signature" : "SLKB_SIGNATURE_ABCBC",\r\n  "data" : {\r\n    "bdaUniqueIdNumber" : "95948256321124",\r\n    "gdNumber" : "KPPI-HC-86-03-09-2020",\r\n    "iban" : "PK87HABB0007867901716910",\r\n    "importerNtn" : "0425426",\r\n    "importerName" : "Schlumberger Seaco Inc",\r\n    "bdaDate" : "20210410",\r\n    "modeOfPayment" : "301",\r\n    "finInsUniqueNumber" : "2009LCS3004700PK",\r\n    "bdaInformation" : {\r\n      "totalBdaAmountFcy" : 89789.0000,\r\n      "totalBdaAmountCurrency" : "USD",\r\n      "sampleAmountExclude" : 100.0000,\r\n      "sampleAmountCurrency" : "USD",\r\n      "netBdaAmountFcy" : 89789.0000,\r\n      "netBdaAmountCurrency" : "USD",\r\n      "exchangeRateFcy" : 167.8630,\r\n      "netBdaAmountPkr" : 9789789.0000,\r\n      "amountInWords" : "\\"Nine Million Seven Hundred Eighty-Nine Thousand Seven Hundred Eighty-Nine Dollars",\r\n      "currencyFcy" : "USD",\r\n      "bdaAmountFcy" : 89789.0000,\r\n      "bdaAmountPkr" : 9785659.0000,\r\n      "bdaDocumentRefNumber" : "0043545",\r\n      "commisionAmountFcy" : 1789.0000,\r\n      "commisionAmountPkr" : 19789.0000,\r\n      "fedFcy" : 8789.0000,\r\n      "fedAmountPkr" : 90789.0000,\r\n      "swiftChargesPkr" : 6454.0000,\r\n      "otherChargesPkr" : 1200.0000,\r\n      "remarks" : "Cleared",\r\n      "balanceBdaAmountFcy" : 89789.0000\r\n    }\r\n  }\r\n}', '2021-04-14 15:24:21', 200, ' Updated BDA Info for import', '{\r\n  "messageId" : "a1374655-5eb8-4a0e-9eb5-0989521cd1ca",\r\n  "timestamp" : 1618395861313,\r\n  "senderId" : "SLKB",\r\n  "receiverId" : "SLKB",\r\n  "responseCode" : "200",\r\n  "signature" : "SLKB_SIGNATURE_ABCBC",\r\n  "message" : {\r\n    "code" : "200",\r\n    "description" : " Updated BDA Info for import"\r\n  },\r\n  "data" : "",\r\n  "methodId" : "1522"\r\n}', '2021-04-14 15:24:21', 'SLKB'),
	(43, '2021-04-14 15:24:53', NULL, 'Sharing of BDA Information by AD with PSW', 'PSW', 'POST', '{\r\n  "messageId" : "a1374655-5eb8-4a0e-9eb5-0989521cd1ca",\r\n  "timestamp" : 1618395893037,\r\n  "senderId" : "SLKB",\r\n  "receiverId" : "PSW",\r\n  "processingCode" : "03",\r\n  "methodId" : "1522",\r\n  "signature" : "SLKB_SIGNATURE_ABCBC",\r\n  "data" : {\r\n    "bdaUniqueIdNumber" : "95948256321124",\r\n    "gdNumber" : "KPPI-HC-86-03-09-2020",\r\n    "iban" : "PK87HABB0007867901716910",\r\n    "importerNtn" : "0425426",\r\n    "importerName" : "Schlumberger Seaco Inc",\r\n    "bdaDate" : "20210410",\r\n    "modeOfPayment" : "301",\r\n    "finInsUniqueNumber" : "2009LCS3004700PK",\r\n    "bdaInformation" : {\r\n      "totalBdaAmountFcy" : 89789.0000,\r\n      "totalBdaAmountCurrency" : "USD",\r\n      "sampleAmountExclude" : 100.0000,\r\n      "sampleAmountCurrency" : "USD",\r\n      "netBdaAmountFcy" : 89789.0000,\r\n      "netBdaAmountCurrency" : "USD",\r\n      "exchangeRateFcy" : 167.8630,\r\n      "netBdaAmountPkr" : 9789789.0000,\r\n      "amountInWords" : "\\"Nine Million Seven Hundred Eighty-Nine Thousand Seven Hundred Eighty-Nine Dollars",\r\n      "currencyFcy" : "USD",\r\n      "bdaAmountFcy" : 89789.0000,\r\n      "bdaAmountPkr" : 9785659.0000,\r\n      "bdaDocumentRefNumber" : "0043545",\r\n      "commisionAmountFcy" : 1789.0000,\r\n      "commisionAmountPkr" : 19789.0000,\r\n      "fedFcy" : 8789.0000,\r\n      "fedAmountPkr" : 90789.0000,\r\n      "swiftChargesPkr" : 6454.0000,\r\n      "otherChargesPkr" : 1200.0000,\r\n      "remarks" : "Cleared",\r\n      "balanceBdaAmountFcy" : 89789.0000\r\n    }\r\n  }\r\n}', '2021-04-14 15:24:53', 200, ' Updated BDA Info for import', '{\r\n  "messageId" : "a1374655-5eb8-4a0e-9eb5-0989521cd1ca",\r\n  "timestamp" : 1618395893037,\r\n  "senderId" : "SLKB",\r\n  "receiverId" : "SLKB",\r\n  "responseCode" : "200",\r\n  "signature" : "SLKB_SIGNATURE_ABCBC",\r\n  "message" : {\r\n    "code" : "200",\r\n    "description" : " Updated BDA Info for import"\r\n  },\r\n  "data" : "",\r\n  "methodId" : "1522"\r\n}', '2021-04-14 15:24:53', 'SLKB'),
	(44, '2021-04-14 15:25:36', NULL, 'Sharing of BDA Information by AD with PSW', 'PSW', 'POST', '{\r\n  "messageId" : "a1374655-5eb8-4a0e-9eb5-0989521cd1ca",\r\n  "timestamp" : 1618395935466,\r\n  "senderId" : "SLKB",\r\n  "receiverId" : "PSW",\r\n  "processingCode" : "03",\r\n  "methodId" : "1522",\r\n  "signature" : "SLKB_SIGNATURE_ABCBC",\r\n  "data" : {\r\n    "bdaUniqueIdNumber" : "95948256321124",\r\n    "gdNumber" : "KPPI-HC-86-03-09-2020",\r\n    "iban" : "PK87HABB0007867901716910",\r\n    "importerNtn" : "0425426",\r\n    "importerName" : "Schlumberger Seaco Inc",\r\n    "bdaDate" : "20210410",\r\n    "modeOfPayment" : "301",\r\n    "finInsUniqueNumber" : "2009LCS3004700PK",\r\n    "bdaInformation" : {\r\n      "totalBdaAmountFcy" : 89789.0000,\r\n      "totalBdaAmountCurrency" : "USD",\r\n      "sampleAmountExclude" : 100.0000,\r\n      "sampleAmountCurrency" : "USD",\r\n      "netBdaAmountFcy" : 89789.0000,\r\n      "netBdaAmountCurrency" : "USD",\r\n      "exchangeRateFcy" : 167.8630,\r\n      "netBdaAmountPkr" : 9789789.0000,\r\n      "amountInWords" : "\\"Nine Million Seven Hundred Eighty-Nine Thousand Seven Hundred Eighty-Nine Dollars",\r\n      "currencyFcy" : "USD",\r\n      "bdaAmountFcy" : 89789.0000,\r\n      "bdaAmountPkr" : 9785659.0000,\r\n      "bdaDocumentRefNumber" : "0043545",\r\n      "commisionAmountFcy" : 1789.0000,\r\n      "commisionAmountPkr" : 19789.0000,\r\n      "fedFcy" : 8789.0000,\r\n      "fedAmountPkr" : 90789.0000,\r\n      "swiftChargesPkr" : 6454.0000,\r\n      "otherChargesPkr" : 1200.0000,\r\n      "remarks" : "Cleared",\r\n      "balanceBdaAmountFcy" : 89789.0000\r\n    }\r\n  }\r\n}', '2021-04-14 15:25:36', 200, ' Updated BDA Info for import', '{\r\n  "messageId" : "a1374655-5eb8-4a0e-9eb5-0989521cd1ca",\r\n  "timestamp" : 1618395935466,\r\n  "senderId" : "SLKB",\r\n  "receiverId" : "SLKB",\r\n  "responseCode" : "200",\r\n  "signature" : "SLKB_SIGNATURE_ABCBC",\r\n  "message" : {\r\n    "code" : "200",\r\n    "description" : " Updated BDA Info for import"\r\n  },\r\n  "data" : "",\r\n  "methodId" : "1522"\r\n}', '2021-04-14 15:25:36', 'SLKB'),
	(45, '2021-04-14 15:28:41', NULL, 'Sharing of BDA Information by AD with PSW', 'PSW', 'POST', '{\r\n  "messageId" : "a1374655-5eb8-4a0e-9eb5-0989521cd1ca",\r\n  "timestamp" : 1618396119855,\r\n  "senderId" : "SLKB",\r\n  "receiverId" : "PSW",\r\n  "processingCode" : "03",\r\n  "methodId" : "1522",\r\n  "signature" : "SLKB_SIGNATURE_ABCBC",\r\n  "data" : {\r\n    "bdaUniqueIdNumber" : "95948256321124",\r\n    "gdNumber" : "KPPI-HC-86-03-09-2020",\r\n    "iban" : "PK87HABB0007867901716910",\r\n    "importerNtn" : "0425426",\r\n    "importerName" : "Schlumberger Seaco Inc",\r\n    "bdaDate" : "20210410",\r\n    "modeOfPayment" : "301",\r\n    "finInsUniqueNumber" : "2009LCS3004700PK",\r\n    "bdaInformation" : {\r\n      "totalBdaAmountFcy" : 89789.0000,\r\n      "totalBdaAmountCurrency" : "USD",\r\n      "sampleAmountExclude" : 100.0000,\r\n      "sampleAmountCurrency" : "USD",\r\n      "netBdaAmountFcy" : 89789.0000,\r\n      "netBdaAmountCurrency" : "USD",\r\n      "exchangeRateFcy" : 167.8630,\r\n      "netBdaAmountPkr" : 9789789.0000,\r\n      "amountInWords" : "\\"Nine Million Seven Hundred Eighty-Nine Thousand Seven Hundred Eighty-Nine Dollars",\r\n      "currencyFcy" : "USD",\r\n      "bdaAmountFcy" : 89789.0000,\r\n      "bdaAmountPkr" : 9785659.0000,\r\n      "bdaDocumentRefNumber" : "0043545",\r\n      "commisionAmountFcy" : 1789.0000,\r\n      "commisionAmountPkr" : 19789.0000,\r\n      "fedFcy" : 8789.0000,\r\n      "fedAmountPkr" : 90789.0000,\r\n      "swiftChargesPkr" : 6454.0000,\r\n      "otherChargesPkr" : 1200.0000,\r\n      "remarks" : "Cleared",\r\n      "balanceBdaAmountFcy" : 89789.0000\r\n    }\r\n  }\r\n}', '2021-04-14 15:28:41', 200, ' Updated BDA Info for import', '{\r\n  "messageId" : "a1374655-5eb8-4a0e-9eb5-0989521cd1ca",\r\n  "timestamp" : 1618396119855,\r\n  "senderId" : "SLKB",\r\n  "receiverId" : "SLKB",\r\n  "responseCode" : "200",\r\n  "signature" : "SLKB_SIGNATURE_ABCBC",\r\n  "message" : {\r\n    "code" : "200",\r\n    "description" : " Updated BDA Info for import"\r\n  },\r\n  "data" : "",\r\n  "methodId" : "1522"\r\n}', '2021-04-14 15:28:41', 'SLKB'),
	(46, '2021-04-14 15:28:41', NULL, 'Sharing of BDA Information by AD with PSW', 'PSW', 'POST', '{\r\n  "messageId" : "a1374655-5eb8-4a0e-9eb5-0989521cd1ca",\r\n  "timestamp" : 1618396119855,\r\n  "senderId" : "SLKB",\r\n  "receiverId" : "PSW",\r\n  "processingCode" : "03",\r\n  "methodId" : "1522",\r\n  "signature" : "SLKB_SIGNATURE_ABCBC",\r\n  "data" : {\r\n    "bdaUniqueIdNumber" : "95948256321124",\r\n    "gdNumber" : "KPPI-HC-86-03-09-2020",\r\n    "iban" : "PK87HABB0007867901716910",\r\n    "importerNtn" : "0425426",\r\n    "importerName" : "Schlumberger Seaco Inc",\r\n    "bdaDate" : "20210410",\r\n    "modeOfPayment" : "301",\r\n    "finInsUniqueNumber" : "2009LCS3004700PK",\r\n    "bdaInformation" : {\r\n      "totalBdaAmountFcy" : 89789.0000,\r\n      "totalBdaAmountCurrency" : "USD",\r\n      "sampleAmountExclude" : 100.0000,\r\n      "sampleAmountCurrency" : "USD",\r\n      "netBdaAmountFcy" : 89789.0000,\r\n      "netBdaAmountCurrency" : "USD",\r\n      "exchangeRateFcy" : 167.8630,\r\n      "netBdaAmountPkr" : 9789789.0000,\r\n      "amountInWords" : "\\"Nine Million Seven Hundred Eighty-Nine Thousand Seven Hundred Eighty-Nine Dollars",\r\n      "currencyFcy" : "USD",\r\n      "bdaAmountFcy" : 89789.0000,\r\n      "bdaAmountPkr" : 9785659.0000,\r\n      "bdaDocumentRefNumber" : "0043545",\r\n      "commisionAmountFcy" : 1789.0000,\r\n      "commisionAmountPkr" : 19789.0000,\r\n      "fedFcy" : 8789.0000,\r\n      "fedAmountPkr" : 90789.0000,\r\n      "swiftChargesPkr" : 6454.0000,\r\n      "otherChargesPkr" : 1200.0000,\r\n      "remarks" : "Cleared",\r\n      "balanceBdaAmountFcy" : 89789.0000\r\n    }\r\n  }\r\n}', '2021-04-14 15:28:41', 200, ' Updated BDA Info for import', '{\r\n  "messageId" : "a1374655-5eb8-4a0e-9eb5-0989521cd1ca",\r\n  "timestamp" : 1618396119855,\r\n  "senderId" : "SLKB",\r\n  "receiverId" : "SLKB",\r\n  "responseCode" : "200",\r\n  "signature" : "SLKB_SIGNATURE_ABCBC",\r\n  "message" : {\r\n    "code" : "200",\r\n    "description" : " Updated BDA Info for import"\r\n  },\r\n  "data" : "",\r\n  "methodId" : "1522"\r\n}', '2021-04-14 15:28:41', 'SLKB'),
	(47, '2021-04-15 14:34:16', NULL, 'Sharing Financial Transaction Data for Export with PSW by AD', 'PSW', 'POST', '{\r\n  "messageId" : "a1374655-5eb8-4a0e-9eb5-0989521cd1ca",\r\n  "timestamp" : 1618479255665,\r\n  "senderId" : "SLKB",\r\n  "receiverId" : "PSW",\r\n  "processingCode" : "03",\r\n  "methodId" : "1520",\r\n  "signature" : "SLKB_SIGNATURE_ABCBC",\r\n  "data" : {\r\n    "exporterNtn" : "0425425",\r\n    "exporterName" : "Schlumberger Seaco Inc",\r\n    "modeOfPayment" : [ "304" ],\r\n    "finInsUniqueNumber" : "2009LCS3004700PK",\r\n    "openAccPercentage" : 65.0000,\r\n    "advPayPercentage" : 62.0000,\r\n    "docAgainstPayPercentage" : null,\r\n    "docAgainstAcceptancePercentage" : null,\r\n    "ccDays" : null,\r\n    "sightPercentage" : null,\r\n    "usancePercentage" : null,\r\n    "lcDays" : null,\r\n    "totalPercentage" : null,\r\n    "paymentInformation" : null,\r\n    "itemInformation" : null\r\n  }\r\n}', '2021-04-15 14:34:16', 200, ' Updated financial transaction data for import', '{\r\n  "messageId" : "a1374655-5eb8-4a0e-9eb5-0989521cd1ca",\r\n  "timestamp" : 1618479255665,\r\n  "senderId" : "SLKB",\r\n  "receiverId" : "SLKB",\r\n  "responseCode" : "200",\r\n  "signature" : "SLKB_SIGNATURE_ABCBC",\r\n  "message" : {\r\n    "code" : "200",\r\n    "description" : " Updated financial transaction data for import"\r\n  },\r\n  "data" : "",\r\n  "methodId" : "1520"\r\n}', '2021-04-15 14:34:16', 'SLKB'),
	(48, '2021-04-15 14:37:10', NULL, 'Sharing Financial Transaction Data for Export with PSW by AD', 'PSW', 'POST', '{\r\n  "messageId" : "a1374655-5eb8-4a0e-9eb5-0989521cd1ca",\r\n  "timestamp" : 1618479413634,\r\n  "senderId" : "SLKB",\r\n  "receiverId" : "PSW",\r\n  "processingCode" : "03",\r\n  "methodId" : "1524",\r\n  "signature" : "SLKB_SIGNATURE_ABCBC",\r\n  "data" : {\r\n    "exporterNtn" : "0425425",\r\n    "exporterName" : "Schlumberger Seaco Inc",\r\n    "modeOfPayment" : [ "304" ],\r\n    "finInsUniqueNumber" : "2009LCS3004700PK",\r\n    "openAccPercentage" : 65.0000,\r\n    "advPayPercentage" : 62.0000,\r\n    "docAgainstPayPercentage" : null,\r\n    "docAgainstAcceptancePercentage" : null,\r\n    "ccDays" : null,\r\n    "sightPercentage" : null,\r\n    "usancePercentage" : null,\r\n    "lcDays" : null,\r\n    "totalPercentage" : null,\r\n    "paymentInformation" : null,\r\n    "itemInformation" : null\r\n  }\r\n}', '2021-04-15 14:37:10', 200, 'Mehthod Not FOUND........ ', '{\r\n  "messageId" : "a1374655-5eb8-4a0e-9eb5-0989521cd1ca",\r\n  "timestamp" : 1618479413634,\r\n  "senderId" : "SLKB",\r\n  "receiverId" : "SLKB",\r\n  "responseCode" : "200",\r\n  "signature" : "SLKB_SIGNATURE_ABCBC",\r\n  "message" : {\r\n    "code" : "200",\r\n    "description" : "Mehthod Not FOUND........ "\r\n  },\r\n  "data" : "",\r\n  "methodId" : "1524"\r\n}', '2021-04-15 14:37:10', 'SLKB'),
	(49, '2021-04-15 14:50:35', NULL, 'Sharing Financial Transaction Data for Export with PSW by AD', 'PSW', 'POST', '{\r\n  "messageId" : "a1374655-5eb8-4a0e-9eb5-0989521cd1ca",\r\n  "timestamp" : 1618480233815,\r\n  "senderId" : "SLKB",\r\n  "receiverId" : "PSW",\r\n  "processingCode" : "03",\r\n  "methodId" : "1524",\r\n  "signature" : "SLKB_SIGNATURE_ABCBC",\r\n  "data" : {\r\n    "exporterNtn" : "0425425",\r\n    "exporterName" : "Schlumberger Seaco Inc",\r\n    "modeOfPayment" : [ "304" ],\r\n    "finInsUniqueNumber" : "2009LCS3004700PK",\r\n    "openAccPercentage" : 65.0000,\r\n    "advPayPercentage" : 62.0000,\r\n    "docAgainstPayPercentage" : null,\r\n    "docAgainstAcceptancePercentage" : null,\r\n    "ccDays" : null,\r\n    "sightPercentage" : null,\r\n    "usancePercentage" : null,\r\n    "lcDays" : null,\r\n    "totalPercentage" : null,\r\n    "paymentInformation" : null,\r\n    "itemInformation" : null\r\n  }\r\n}', '2021-04-15 14:50:34', 200, ' Updated BDA Info for import', '{\r\n  "messageId" : "a1374655-5eb8-4a0e-9eb5-0989521cd1ca",\r\n  "timestamp" : 1618480233815,\r\n  "senderId" : "SLKB",\r\n  "receiverId" : "SLKB",\r\n  "responseCode" : "200",\r\n  "signature" : "SLKB_SIGNATURE_ABCBC",\r\n  "message" : {\r\n    "code" : "200",\r\n    "description" : " Updated BDA Info for import"\r\n  },\r\n  "data" : "",\r\n  "methodId" : "1524"\r\n}', '2021-04-15 14:50:35', 'SLKB'),
	(50, '2021-04-15 14:59:45', NULL, 'Sharing Financial Transaction Data for Export with PSW by AD', 'PSW', 'POST', '{\r\n  "messageId" : "a1374655-5eb8-4a0e-9eb5-0989521cd1ca",\r\n  "timestamp" : 1618480784719,\r\n  "senderId" : "SLKB",\r\n  "receiverId" : "PSW",\r\n  "processingCode" : "03",\r\n  "methodId" : "1524",\r\n  "signature" : "SLKB_SIGNATURE_ABCBC",\r\n  "data" : {\r\n    "exporterNtn" : "0425425",\r\n    "exporterName" : "Schlumberger Seaco Inc",\r\n    "modeOfPayment" : [ "301", "304" ],\r\n    "finInsUniqueNumber" : "2009LCS3004700PK",\r\n    "openAccPercentage" : 65.0000,\r\n    "advPayPercentage" : 62.0000,\r\n    "docAgainstPayPercentage" : 24.0900,\r\n    "docAgainstAcceptancePercentage" : 25.0100,\r\n    "ccDays" : 10,\r\n    "sightPercentage" : 25.0000,\r\n    "usancePercentage" : 25.0000,\r\n    "lcDays" : 10,\r\n    "totalPercentage" : 100.0000,\r\n    "paymentInformation" : {\r\n      "beneficiaryName" : "John Doe",\r\n      "beneficiaryAddress" : "122 M Amir trade center , Allama Iqbal Road? SITE first   Floor",\r\n      "beneficiaryCountry" : "PAK",\r\n      "beneficiaryIban" : "PK35ASCM0000121234567890",\r\n      "portOfDischarge" : "AEDXB",\r\n      "deliveryTerm" : "CFR",\r\n      "totalValueOfShipment" : 5000.0000\r\n    },\r\n    "itemInformation" : [ {\r\n      "hsCode" : "9246.1000",\r\n      "goodsDescription" : "FOR WEAVING FABRICS OF A WIDTH NOT EXCEEDING ",\r\n      "quantity" : 2,\r\n      "uom" : "KG",\r\n      "countryOfOrigin" : "CHN",\r\n      "sample" : "N",\r\n      "sampleValue" : "",\r\n      "unitPrice" : null,\r\n      "totalValue" : null,\r\n      "importValue" : null,\r\n      "importValueInvoice" : null\r\n    }, {\r\n      "hsCode" : "8446.1000",\r\n      "goodsDescription" : "FOR WEAVING FABRICS OF A WIDTH NOT EXCEEDING ",\r\n      "quantity" : 5,\r\n      "uom" : "KG",\r\n      "countryOfOrigin" : "CHN",\r\n      "sample" : "Y",\r\n      "sampleValue" : "1000.0000",\r\n      "unitPrice" : null,\r\n      "totalValue" : null,\r\n      "importValue" : null,\r\n      "importValueInvoice" : null\r\n    } ]\r\n  }\r\n}', '2021-04-15 14:59:45', 200, ' Updated BDA Info for import', '{\r\n  "messageId" : "a1374655-5eb8-4a0e-9eb5-0989521cd1ca",\r\n  "timestamp" : 1618480784719,\r\n  "senderId" : "SLKB",\r\n  "receiverId" : "SLKB",\r\n  "responseCode" : "200",\r\n  "signature" : "SLKB_SIGNATURE_ABCBC",\r\n  "message" : {\r\n    "code" : "200",\r\n    "description" : " Updated BDA Info for import"\r\n  },\r\n  "data" : "",\r\n  "methodId" : "1524"\r\n}', '2021-04-15 14:59:45', 'SLKB'),
	(51, '2021-04-16 15:30:51', NULL, 'Sharing of GD and Financial Information For Export with AD by PSW', 'SCB', 'POST', '{\r\n  "messageId" : "a1374655-5eb8-4a0e-9eb5-989521cd1ca8",\r\n  "timestamp" : 20200925183412,\r\n  "senderId" : "PSW",\r\n  "receiverId" : "SCB",\r\n  "processingCode" : "102",\r\n  "methodId" : null,\r\n  "signature" : "82045ede93efbbcbea55da67c6655e9b",\r\n  "data" : {\r\n    "gdNumber" : "KPPI-HC-86-03-09-2020",\r\n    "gdType" : "Export Commercial Transaction",\r\n    "consignmentCategory" : "Commercial",\r\n    "collectorate" : "Qasim International Container Terminal",\r\n    "blAwbNumber" : "BL- 010920",\r\n    "blAwbDate" : "20201012",\r\n    "virAirNumber" : "KEWB-0005-010112020",\r\n    "consignorConsigneeInfo" : {\r\n      "ntnFtn" : "0425425",\r\n      "strn" : "1700003019489",\r\n      "consigneeName" : "PSW",\r\n      "consigneeAddress" : "PECHS",\r\n      "consignorName" : "M/S. International Jute Traders",\r\n      "consignorAddress" : "95, MOTIJHEEL COMMERCIAL AREA (2ND FLOOR)"\r\n    },\r\n    "financialInfo" : null,\r\n    "generalInformation" : {\r\n      "packagesInformation" : [ {\r\n        "id" : null,\r\n        "numberOfPackages" : 100.000,\r\n        "packageType" : "Pallete",\r\n        "netWeight" : null,\r\n        "grossWeight" : null,\r\n        "gd" : null\r\n      }, {\r\n        "id" : null,\r\n        "numberOfPackages" : 100.000,\r\n        "packageType" : "Box",\r\n        "netWeight" : null,\r\n        "grossWeight" : null,\r\n        "gd" : null\r\n      } ],\r\n      "containerVehicleInformation" : [ {\r\n        "id" : null,\r\n        "containerOrTruckNumber" : "ASF9999991",\r\n        "containerType" : "20FT",\r\n        "sealNumber" : "SL2674",\r\n        "gd" : null\r\n      }, {\r\n        "id" : null,\r\n        "containerOrTruckNumber" : "ASF9999992",\r\n        "containerType" : "40FT",\r\n        "sealNumber" : "SL2674",\r\n        "gd" : null\r\n      } ],\r\n      "netWeight" : "1.89400 MT",\r\n      "grossWeight" : "1.11400 MT",\r\n      "portOfShipment" : "CHN",\r\n      "portOfDelivery" : null,\r\n      "portOfDischarge" : "DAV",\r\n      "terminalLocation" : "Qasim International Container Terminal",\r\n      "consignmentType" : "Containerized",\r\n      "shippingLine" : "Maersk"\r\n    },\r\n    "itemInformation" : [ {\r\n      "hsCode" : "9246.1000",\r\n      "quantity" : 6,\r\n      "uom" : "KG",\r\n      "unitPrice" : 20.0000,\r\n      "totalValue" : 120.0000,\r\n      "exportValue" : 120.0000\r\n    }, {\r\n      "hsCode" : "8446.1000",\r\n      "quantity" : 6,\r\n      "uom" : "KG",\r\n      "unitPrice" : 20.0000,\r\n      "totalValue" : 120.0000,\r\n      "exportValue" : 120.0000\r\n    } ]\r\n  }\r\n}', '2021-04-16 15:30:51', 200, 'Updated GD and financial information for Export.', '{\r\n  "messageId" : "a1374655-5eb8-4a0e-9eb5-989521cd1ca8",\r\n  "timestamp" : 20200925183412,\r\n  "senderId" : "SLKB",\r\n  "receiverId" : "PSW",\r\n  "responseCode" : "200",\r\n  "signature" : "82045ede93efbbcbea55da67c6655e9b",\r\n  "message" : {\r\n    "code" : "200",\r\n    "description" : "Updated GD and financial information for Export."\r\n  },\r\n  "data" : "{}"\r\n}', '2021-04-16 15:30:51', 'PSW'),
	(52, '2021-04-16 15:37:35', NULL, 'Sharing of GD and Financial Information For Export with AD by PSW', 'SCB', 'POST', '{\r\n  "messageId" : "a1374655-5eb8-4a0e-9eb5-989521cd1ca8",\r\n  "timestamp" : 20200925183412,\r\n  "senderId" : "PSW",\r\n  "receiverId" : "SCB",\r\n  "processingCode" : "102",\r\n  "methodId" : null,\r\n  "signature" : "82045ede93efbbcbea55da67c6655e9b",\r\n  "data" : {\r\n    "gdNumber" : "KPPI-HC-86-03-09-2020",\r\n    "gdType" : "Export Commercial Transaction",\r\n    "consignmentCategory" : "Commercial",\r\n    "collectorate" : "Qasim International Container Terminal",\r\n    "blAwbNumber" : "BL- 010920",\r\n    "blAwbDate" : "20201012",\r\n    "virAirNumber" : "KEWB-0005-010112020",\r\n    "consignorConsigneeInfo" : {\r\n      "ntnFtn" : "0425425",\r\n      "strn" : "1700003019489",\r\n      "consigneeName" : "PSW",\r\n      "consigneeAddress" : "PECHS",\r\n      "consignorName" : "M/S. International Jute Traders",\r\n      "consignorAddress" : "95, MOTIJHEEL COMMERCIAL AREA (2ND FLOOR)"\r\n    },\r\n    "financialInformation" : {\r\n      "beneficiaryName" : "John Doe",\r\n      "beneficiaryAddress" : "122 M Amir trade center , Allama Iqbal Road? SITE first floor",\r\n      "beneficiaryCountry" : "PAK",\r\n      "beneficiaryIban" : "PK08ALFH0123000123456789",\r\n      "exporterName" : "Schlumberger Seaco Inc.",\r\n      "exporterAddress" : "PECHS",\r\n      "exporterCountry" : "FRA",\r\n      "modeOfPayment" : "305",\r\n      "finInsUniqueNumber" : "2009LCS3004700PK",\r\n      "openAccPercentage" : 20,\r\n      "advPayPercentage" : 20,\r\n      "docAgainstPayPercentage" : 15,\r\n      "docAgainstAcceptancePercentage" : 20,\r\n      "ccDays" : 15,\r\n      "sightPercentage" : 10,\r\n      "usancePercentage" : 15,\r\n      "lcDays" : 22,\r\n      "totalPercentage" : 100,\r\n      "intendedPayDate" : null,\r\n      "transportDocDate" : null,\r\n      "invoiceCurrency" : "USD",\r\n      "invoiceNumber" : "1234567",\r\n      "invoiceDate" : "20200223",\r\n      "invoiceValue" : 5000.000,\r\n      "deliveryTerm" : "CFR",\r\n      "fobValueUsd" : 100.0000,\r\n      "freightUsd" : 1.0000,\r\n      "cfrValueUsd" : 1.0000,\r\n      "insuranceUsd" : 0.0000,\r\n      "landingChargesUsd" : 100.0000,\r\n      "assessedValueUsd" : 50.0000,\r\n      "otherCharges" : null,\r\n      "exchangeRate" : 158.0000\r\n    },\r\n    "generalInformation" : {\r\n      "packagesInformation" : [ {\r\n        "id" : null,\r\n        "numberOfPackages" : 100.000,\r\n        "packageType" : "Pallete",\r\n        "netWeight" : null,\r\n        "grossWeight" : null,\r\n        "gd" : null\r\n      }, {\r\n        "id" : null,\r\n        "numberOfPackages" : 100.000,\r\n        "packageType" : "Box",\r\n        "netWeight" : null,\r\n        "grossWeight" : null,\r\n        "gd" : null\r\n      } ],\r\n      "containerVehicleInformation" : [ {\r\n        "id" : null,\r\n        "containerOrTruckNumber" : "ASF9999991",\r\n        "containerType" : "20FT",\r\n        "sealNumber" : "SL2674",\r\n        "gd" : null\r\n      }, {\r\n        "id" : null,\r\n        "containerOrTruckNumber" : "ASF9999992",\r\n        "containerType" : "40FT",\r\n        "sealNumber" : "SL2674",\r\n        "gd" : null\r\n      } ],\r\n      "netWeight" : "1.89400 MT",\r\n      "grossWeight" : "1.11400 MT",\r\n      "portOfShipment" : "CHN",\r\n      "portOfDelivery" : null,\r\n      "portOfDischarge" : "DAV",\r\n      "terminalLocation" : "Qasim International Container Terminal",\r\n      "consignmentType" : "Containerized",\r\n      "shippingLine" : "Maersk"\r\n    },\r\n    "itemInformation" : [ {\r\n      "hsCode" : "9246.1000",\r\n      "quantity" : 6,\r\n      "uom" : "KG",\r\n      "unitPrice" : 20.0000,\r\n      "totalValue" : 120.0000,\r\n      "exportValue" : 120.0000\r\n    }, {\r\n      "hsCode" : "8446.1000",\r\n      "quantity" : 6,\r\n      "uom" : "KG",\r\n      "unitPrice" : 20.0000,\r\n      "totalValue" : 120.0000,\r\n      "exportValue" : 120.0000\r\n    } ]\r\n  }\r\n}', '2021-04-16 15:37:35', 200, 'Updated GD and financial information for Export.', '{\r\n  "messageId" : "a1374655-5eb8-4a0e-9eb5-989521cd1ca8",\r\n  "timestamp" : 20200925183412,\r\n  "senderId" : "SLKB",\r\n  "receiverId" : "PSW",\r\n  "responseCode" : "200",\r\n  "signature" : "82045ede93efbbcbea55da67c6655e9b",\r\n  "message" : {\r\n    "code" : "200",\r\n    "description" : "Updated GD and financial information for Export."\r\n  },\r\n  "data" : "{}"\r\n}', '2021-04-16 15:37:35', 'PSW'),
	(53, '2021-04-16 17:42:53', NULL, 'Sharing of BCA Information [Export] by AD with PSW', 'PSW', 'POST', '{\r\n  "messageId" : "a1374655-5eb8-4a0e-9eb5-0989521cd1ca",\r\n  "timestamp" : 1618576972292,\r\n  "senderId" : "SLKB",\r\n  "receiverId" : "PSW",\r\n  "processingCode" : "03",\r\n  "methodId" : "1526",\r\n  "signature" : "SLKB_SIGNATURE_ABCBC",\r\n  "data" : {\r\n    "bcaUniqueIdNumber" : "95948256321124",\r\n    "gdNumber" : "KPPI-HC-86-03-09-2020",\r\n    "iban" : "PK87HABB0007867901716910",\r\n    "exporterNtn" : "0425426",\r\n    "exporterName" : "Schlumberger Seaco Inc.",\r\n    "bcaDate" : "20210922",\r\n    "modeOfPayment" : "305",\r\n    "finInsUniqueNumber" : "2009LCS3004700PK",\r\n    "bcaInformation" : {\r\n      "bcaEventName" : "BCA Amount Feeding",\r\n      "eventDate" : "20201020",\r\n      "runningSerialNumber" : "4353569",\r\n      "swiftReference" : "33256445356783245323",\r\n      "billNumber" : "324512",\r\n      "billDated" : "20201023",\r\n      "billAmount" : 19234.2420,\r\n      "invoiceNumber" : "002124",\r\n      "invoiceDate" : "20201023",\r\n      "invoiceAmount" : 19234.2420\r\n    },\r\n    "remarks" : "Passed",\r\n    "deductions" : {\r\n      "foreignBankChargesFcy" : 1234.4542,\r\n      "agentCommissionFcy" : 567.0420,\r\n      "withholdingTaxPkr" : 6230.3421,\r\n      "edsPkr" : 2435.6443\r\n    },\r\n    "netAmountRealized" : {\r\n      "bcaFc" : 2567.8753,\r\n      "fcyExchangeRate" : 167.864,\r\n      "bcaPkr" : 2567.8753,\r\n      "dateOfRealized" : 20201021,\r\n      "adjustFromSpecialFcyAcc" : 1567.8753,\r\n      "currency" : "USD",\r\n      "isFinInsCurrencyDiff" : "Y",\r\n      "isRemAmtSettledWithDiscount" : "Y",\r\n      "amountRealized" : 2567.8753,\r\n      "balance" : 3435.6764,\r\n      "allowedDiscount" : 530.3450,\r\n      "allowedDiscountPercentage" : 5\r\n    }\r\n  }\r\n}', '2021-04-16 17:42:53', 200, 'Mehthod Not FOUND........ ', '{\r\n  "messageId" : "a1374655-5eb8-4a0e-9eb5-0989521cd1ca",\r\n  "timestamp" : 1618576972292,\r\n  "senderId" : "SLKB",\r\n  "receiverId" : "SLKB",\r\n  "responseCode" : "200",\r\n  "signature" : "SLKB_SIGNATURE_ABCBC",\r\n  "message" : {\r\n    "code" : "200",\r\n    "description" : "Mehthod Not FOUND........ "\r\n  },\r\n  "data" : "",\r\n  "methodId" : "1526"\r\n}', '2021-04-16 17:42:53', 'SLKB'),
	(54, '2021-04-16 17:45:42', NULL, 'Sharing of BCA Information [Export] by AD with PSW', 'PSW', 'POST', '{\r\n  "messageId" : "a1374655-5eb8-4a0e-9eb5-0989521cd1ca",\r\n  "timestamp" : 1618577141268,\r\n  "senderId" : "SLKB",\r\n  "receiverId" : "PSW",\r\n  "processingCode" : "03",\r\n  "methodId" : "1526",\r\n  "signature" : "SLKB_SIGNATURE_ABCBC",\r\n  "data" : {\r\n    "bcaUniqueIdNumber" : "95948256321124",\r\n    "gdNumber" : "KPPI-HC-86-03-09-2020",\r\n    "iban" : "PK87HABB0007867901716910",\r\n    "exporterNtn" : "0425426",\r\n    "exporterName" : "Schlumberger Seaco Inc.",\r\n    "bcaDate" : "20210922",\r\n    "modeOfPayment" : "305",\r\n    "finInsUniqueNumber" : "2009LCS3004700PK",\r\n    "bcaInformation" : {\r\n      "bcaEventName" : "BCA Amount Feeding",\r\n      "eventDate" : "20201020",\r\n      "runningSerialNumber" : "4353569",\r\n      "swiftReference" : "33256445356783245323",\r\n      "billNumber" : "324512",\r\n      "billDated" : "20201023",\r\n      "billAmount" : 19234.2420,\r\n      "invoiceNumber" : "002124",\r\n      "invoiceDate" : "20201023",\r\n      "invoiceAmount" : 19234.2420\r\n    },\r\n    "remarks" : "Passed",\r\n    "deductions" : {\r\n      "foreignBankChargesFcy" : 1234.4542,\r\n      "agentCommissionFcy" : 567.0420,\r\n      "withholdingTaxPkr" : 6230.3421,\r\n      "edsPkr" : 2435.6443\r\n    },\r\n    "netAmountRealized" : {\r\n      "bcaFc" : 2567.8753,\r\n      "fcyExchangeRate" : 167.864,\r\n      "bcaPkr" : 2567.8753,\r\n      "dateOfRealized" : 20201021,\r\n      "adjustFromSpecialFcyAcc" : 1567.8753,\r\n      "currency" : "USD",\r\n      "isFinInsCurrencyDiff" : "Y",\r\n      "isRemAmtSettledWithDiscount" : "Y",\r\n      "amountRealized" : 2567.8753,\r\n      "balance" : 3435.6764,\r\n      "allowedDiscount" : 530.3450,\r\n      "allowedDiscountPercentage" : 5\r\n    }\r\n  }\r\n}', '2021-04-16 17:45:42', 200, ' Updated BCA Information  for Export ', '{\r\n  "messageId" : "a1374655-5eb8-4a0e-9eb5-0989521cd1ca",\r\n  "timestamp" : 1618577141268,\r\n  "senderId" : "SLKB",\r\n  "receiverId" : "SLKB",\r\n  "responseCode" : "200",\r\n  "signature" : "SLKB_SIGNATURE_ABCBC",\r\n  "message" : {\r\n    "code" : "200",\r\n    "description" : " Updated BCA Information  for Export "\r\n  },\r\n  "data" : "",\r\n  "methodId" : "1526"\r\n}', '2021-04-16 17:45:42', 'SLKB'),
	(55, '2021-04-17 10:51:19', NULL, 'Sharing of Cash Margin Message by AD to PSW for Payment Mode - Open Account', 'PSW', 'POST', '{\r\n  "messageId" : "a1374655-5eb8-4a0e-9eb5-0989521cd1ca",\r\n  "timestamp" : 1618638677889,\r\n  "senderId" : "SLKB",\r\n  "receiverId" : "PSW",\r\n  "processingCode" : "03",\r\n  "methodId" : "1541",\r\n  "signature" : "SLKB_SIGNATURE_ABCBC",\r\n  "data" : {\r\n    "traderNTN" : "0425425",\r\n    "traderName" : "Schlumberger Seaco Inc.",\r\n    "cashMarginUniqueIdNumber" : "34669900",\r\n    "invoiceValue" : 5000.0002,\r\n    "invoiceNumber" : "65656237657",\r\n    "cashMarginPercentage" : 5,\r\n    "cashMarginValue" : 1000.0000,\r\n    "itemInformation" : [ {\r\n      "hsCode" : "8446.1000",\r\n      "goodsDescription" : "Weaving machines (looms)",\r\n      "quantity" : 5,\r\n      "uom" : "KG",\r\n      "countryOfOrigin" : "CHN"\r\n    }, {\r\n      "hsCode" : "9246.1000",\r\n      "goodsDescription" : "Weaving machines (looms)",\r\n      "quantity" : 5,\r\n      "uom" : "KG",\r\n      "countryOfOrigin" : "CHN"\r\n    } ],\r\n    "iban" : "PK87HABB0007867901716910"\r\n  }\r\n}', '2021-04-17 10:51:18', 200, ' Cash Margin Information Received ', '{\r\n  "messageId" : "a1374655-5eb8-4a0e-9eb5-0989521cd1ca",\r\n  "timestamp" : 1618638677889,\r\n  "senderId" : "SLKB",\r\n  "receiverId" : "SLKB",\r\n  "responseCode" : "200",\r\n  "signature" : "SLKB_SIGNATURE_ABCBC",\r\n  "message" : {\r\n    "code" : "200",\r\n    "description" : " Cash Margin Information Received "\r\n  },\r\n  "data" : "",\r\n  "methodId" : "1541"\r\n}', '2021-04-17 10:51:19', 'SLKB'),
	(56, '2021-04-17 11:46:30', NULL, 'Message 1 – Sharing of Change of Bank request with AD', 'SCB', 'POST', '{\r\n  "messageId" : "a1374655-5eb8-4a0e-9eb5-989521cd1ca8",\r\n  "timestamp" : 20200925183412,\r\n  "senderId" : "PSW",\r\n  "receiverId" : "SCB",\r\n  "processingCode" : "306",\r\n  "methodId" : null,\r\n  "signature" : "82045ede93efbbcbea55da67c6655e9b",\r\n  "data" : {\r\n    "cobUniqueIdNumber" : "CBR00111032021",\r\n    "tradeTranType" : "01",\r\n    "traderNTN" : "0425426",\r\n    "traderName" : "Schlumberger Seaco Inc.",\r\n    "finInsUniqueNumber" : "2009LCS3004700PK",\r\n    "gdNumber" : "KPPI-HC-86-03-09-2020",\r\n    "iban" : "PK36SCBL0010001123456005"\r\n  }\r\n}', '2021-04-17 11:46:30', 200, 'Change of bank request received.', '{\r\n  "messageId" : "a1374655-5eb8-4a0e-9eb5-989521cd1ca8",\r\n  "timestamp" : 20200925183412,\r\n  "senderId" : "SLKB",\r\n  "receiverId" : "PSW",\r\n  "responseCode" : "200",\r\n  "signature" : "82045ede93efbbcbea55da67c6655e9b",\r\n  "message" : {\r\n    "code" : "200",\r\n    "description" : "Change of bank request received."\r\n  },\r\n  "data" : "{}"\r\n}', '2021-04-17 11:46:30', 'PSW'),
	(57, '2021-04-17 11:47:20', NULL, 'Message 1 – Sharing of Change of Bank request with AD', 'SCB', 'POST', '{\r\n  "messageId" : "a1374655-5eb8-4a0e-9eb5-989521cd1ca8",\r\n  "timestamp" : 20200925183412,\r\n  "senderId" : "PSW",\r\n  "receiverId" : "SCB",\r\n  "processingCode" : "306",\r\n  "methodId" : null,\r\n  "signature" : "82045ede93efbbcbea55da67c6655e9b",\r\n  "data" : {\r\n    "cobUniqueIdNumber" : "CBR00111032021",\r\n    "tradeTranType" : "01",\r\n    "traderNTN" : "0425426",\r\n    "traderName" : "Schlumberger Seaco Inc.",\r\n    "finInsUniqueNumber" : "2009LCS3004700PK",\r\n    "gdNumber" : "KPPI-HC-86-03-09-2020",\r\n    "iban" : "PK36SCBL0010001123456005"\r\n  }\r\n}', '2021-04-17 11:47:20', 200, 'Change of bank request received.', '{\r\n  "messageId" : "a1374655-5eb8-4a0e-9eb5-989521cd1ca8",\r\n  "timestamp" : 20200925183412,\r\n  "senderId" : "SLKB",\r\n  "receiverId" : "PSW",\r\n  "responseCode" : "200",\r\n  "signature" : "82045ede93efbbcbea55da67c6655e9b",\r\n  "message" : {\r\n    "code" : "200",\r\n    "description" : "Change of bank request received."\r\n  },\r\n  "data" : "{}"\r\n}', '2021-04-17 11:47:20', 'PSW'),
	(58, '2021-04-17 12:46:09', NULL, 'Sharing of Change of Bank request approval/rejection message by AD with PSW', 'PSW', 'POST', '{\r\n  "messageId" : "a1374655-5eb8-4a0e-9eb5-0989521cd1ca",\r\n  "timestamp" : 1618645567923,\r\n  "senderId" : "SLKB",\r\n  "receiverId" : "PSW",\r\n  "processingCode" : "03",\r\n  "methodId" : "1538",\r\n  "signature" : "SLKB_SIGNATURE_ABCBC",\r\n  "data" : {\r\n    "cobUniqueIdNumber" : null,\r\n    "tradeTranType" : null,\r\n    "traderNTN" : null,\r\n    "traderName" : null,\r\n    "finInsUniqueNumber" : "2009LCS3004700PK",\r\n    "gdNumber" : "KPPI-HC-86-03-09-2020",\r\n    "cobStatus" : null,\r\n    "iban" : "PK87HABB0007867901716910"\r\n  }\r\n}', '2021-04-17 12:46:09', 200, ' Change of bank request status received ', '{\r\n  "messageId" : "a1374655-5eb8-4a0e-9eb5-0989521cd1ca",\r\n  "timestamp" : 1618645567923,\r\n  "senderId" : "SLKB",\r\n  "receiverId" : "SLKB",\r\n  "responseCode" : "200",\r\n  "signature" : "SLKB_SIGNATURE_ABCBC",\r\n  "message" : {\r\n    "code" : "200",\r\n    "description" : " Change of bank request status received "\r\n  },\r\n  "data" : "",\r\n  "methodId" : "1538"\r\n}', '2021-04-17 12:46:09', 'SLKB'),
	(59, '2021-04-17 12:47:13', NULL, 'Sharing of Change of Bank request approval/rejection message by AD with PSW', 'PSW', 'POST', '{\r\n  "messageId" : "a1374655-5eb8-4a0e-9eb5-0989521cd1ca",\r\n  "timestamp" : 1618645632921,\r\n  "senderId" : "SLKB",\r\n  "receiverId" : "PSW",\r\n  "processingCode" : "03",\r\n  "methodId" : "1538",\r\n  "signature" : "SLKB_SIGNATURE_ABCBC",\r\n  "data" : {\r\n    "cobUniqueIdNumber" : "CBR00111032021",\r\n    "tradeTranType" : "01",\r\n    "traderNTN" : "0425426",\r\n    "traderName" : "Schlumberger Seaco Inc.",\r\n    "finInsUniqueNumber" : "2009LCS3004700PK",\r\n    "gdNumber" : "KPPI-HC-86-03-09-2020",\r\n    "cobStatus" : "209",\r\n    "iban" : "PK36SCBL0010001123456005"\r\n  }\r\n}', '2021-04-17 12:47:13', 200, ' Change of bank request status received ', '{\r\n  "messageId" : "a1374655-5eb8-4a0e-9eb5-0989521cd1ca",\r\n  "timestamp" : 1618645632921,\r\n  "senderId" : "SLKB",\r\n  "receiverId" : "SLKB",\r\n  "responseCode" : "200",\r\n  "signature" : "SLKB_SIGNATURE_ABCBC",\r\n  "message" : {\r\n    "code" : "200",\r\n    "description" : " Change of bank request status received "\r\n  },\r\n  "data" : "",\r\n  "methodId" : "1538"\r\n}', '2021-04-17 12:47:13', 'SLKB'),
	(60, '2021-04-17 12:47:52', NULL, 'Message 1 – Sharing of Change of Bank request with AD', 'SCB', 'POST', '{\r\n  "messageId" : "a1374655-5eb8-4a0e-9eb5-989521cd1ca8",\r\n  "timestamp" : 20200925183412,\r\n  "senderId" : "PSW",\r\n  "receiverId" : "SCB",\r\n  "processingCode" : "306",\r\n  "methodId" : null,\r\n  "signature" : "82045ede93efbbcbea55da67c6655e9b",\r\n  "data" : {\r\n    "cobUniqueIdNumber" : "CBR00111032021",\r\n    "tradeTranType" : "01",\r\n    "traderNTN" : "0425426",\r\n    "traderName" : "Schlumberger Seaco Inc.",\r\n    "finInsUniqueNumber" : "2009LCS3004700PK",\r\n    "gdNumber" : "KPPI-HC-86-03-09-2020",\r\n    "cobStatus" : null,\r\n    "iban" : "PK36SCBL0010001123456005"\r\n  }\r\n}', '2021-04-17 12:47:52', 200, 'Change of bank request received.', '{\r\n  "messageId" : "a1374655-5eb8-4a0e-9eb5-989521cd1ca8",\r\n  "timestamp" : 20200925183412,\r\n  "senderId" : "SLKB",\r\n  "receiverId" : "PSW",\r\n  "responseCode" : "200",\r\n  "signature" : "82045ede93efbbcbea55da67c6655e9b",\r\n  "message" : {\r\n    "code" : "200",\r\n    "description" : "Change of bank request received."\r\n  },\r\n  "data" : "{}"\r\n}', '2021-04-17 12:47:52', 'PSW'),
	(61, '2021-04-17 13:04:33', NULL, '7.1.5.	Message 1 – Sharing of Change of Bank request approval/rejection message by other selected AD with PSW ', 'SCB', 'POST', '{\r\n  "messageId" : "a1374655-5eb8-4a0e-9eb5-989521cd1ca8",\r\n  "timestamp" : 20200925183412,\r\n  "senderId" : "PSW",\r\n  "receiverId" : "SCB",\r\n  "processingCode" : "306",\r\n  "methodId" : null,\r\n  "signature" : "82045ede93efbbcbea55da67c6655e9b",\r\n  "data" : {\r\n    "cobUniqueIdNumber" : "CBR00111032021",\r\n    "tradeTranType" : "01",\r\n    "traderNTN" : "0425426",\r\n    "traderName" : "Schlumberger Seaco Inc.",\r\n    "finInsUniqueNumber" : "2009LCS3004700PK",\r\n    "gdNumber" : "KPPI-HC-86-03-09-2020",\r\n    "cobStatus" : "209",\r\n    "iban" : "PK36SCBL0010001123456005"\r\n  }\r\n}', '2021-04-17 13:04:33', 200, 'Change of bank request status acknowledged', '{\r\n  "messageId" : "a1374655-5eb8-4a0e-9eb5-989521cd1ca8",\r\n  "timestamp" : 20200925183412,\r\n  "senderId" : "SLKB",\r\n  "receiverId" : "PSW",\r\n  "responseCode" : "200",\r\n  "signature" : "82045ede93efbbcbea55da67c6655e9b",\r\n  "message" : {\r\n    "code" : "200",\r\n    "description" : "Change of bank request status acknowledged"\r\n  },\r\n  "data" : "{}"\r\n}', '2021-04-17 13:04:33', 'PSW'),
	(62, '2021-04-18 09:38:40', NULL, '– Settlement of Financial Transaction by AD (Import/Export):', 'PSW', 'POST', '{\r\n  "messageId" : "a1374655-5eb8-4a0e-9eb5-0989521cd1ca",\r\n  "timestamp" : 1618720718923,\r\n  "senderId" : "SLKB",\r\n  "receiverId" : "PSW",\r\n  "processingCode" : "03",\r\n  "methodId" : "1537",\r\n  "signature" : "SLKB_SIGNATURE_ABCBC",\r\n  "data" : {\r\n    "tradeTranType" : "01",\r\n    "traderNTN" : "0425426",\r\n    "traderName" : "Schlumberger Seaco Inc.",\r\n    "finInsUniqueNumber" : "2009LCS3004700PK",\r\n    "bcaBdaUniqueIdNumber" : null,\r\n    "finInsValue" : null,\r\n    "totalValueOfSharedBCABDA" : null,\r\n    "balance" : null,\r\n    "iban" : "PK36SCBL0010001123456005"\r\n  }\r\n}', '2021-04-18 09:38:40', 200, ' Financial Transaction settled ', '{\r\n  "messageId" : "a1374655-5eb8-4a0e-9eb5-0989521cd1ca",\r\n  "timestamp" : 1618720718923,\r\n  "senderId" : "SLKB",\r\n  "receiverId" : "SLKB",\r\n  "responseCode" : "200",\r\n  "signature" : "SLKB_SIGNATURE_ABCBC",\r\n  "message" : {\r\n    "code" : "200",\r\n    "description" : " Financial Transaction settled "\r\n  },\r\n  "data" : "",\r\n  "methodId" : "1537"\r\n}', '2021-04-18 09:38:40', 'SLKB'),
	(63, '2021-04-18 09:42:59', NULL, '– Settlement of Financial Transaction by AD (Import/Export):', 'PSW', 'POST', '{\r\n  "messageId" : "a1374655-5eb8-4a0e-9eb5-0989521cd1ca",\r\n  "timestamp" : 1618720979064,\r\n  "senderId" : "SLKB",\r\n  "receiverId" : "PSW",\r\n  "processingCode" : "03",\r\n  "methodId" : "1537",\r\n  "signature" : "SLKB_SIGNATURE_ABCBC",\r\n  "data" : {\r\n    "tradeTranType" : "01",\r\n    "traderNTN" : "0425426",\r\n    "traderName" : "Schlumberger Seaco Inc.",\r\n    "finInsUniqueNumber" : "2009LCS3004700PK",\r\n    "bcaBdaUniqueIdNumber" : [ "95948256321124", "95948256321125" ],\r\n    "finInsValue" : 5000.0000,\r\n    "totalValueOfSharedBCABDA" : 5000.0000,\r\n    "balance" : 0.0000,\r\n    "iban" : null\r\n  }\r\n}', '2021-04-18 09:42:59', 200, ' Financial Transaction settled ', '{\r\n  "messageId" : "a1374655-5eb8-4a0e-9eb5-0989521cd1ca",\r\n  "timestamp" : 1618720979064,\r\n  "senderId" : "SLKB",\r\n  "receiverId" : "SLKB",\r\n  "responseCode" : "200",\r\n  "signature" : "SLKB_SIGNATURE_ABCBC",\r\n  "message" : {\r\n    "code" : "200",\r\n    "description" : " Financial Transaction settled "\r\n  },\r\n  "data" : "",\r\n  "methodId" : "1537"\r\n}', '2021-04-18 09:42:59', 'SLKB'),
	(64, '2021-04-18 09:56:12', NULL, '– Reversal of BDA/BCA Message by AD to PSW', 'PSW', 'POST', '{\r\n  "messageId" : "a1374655-5eb8-4a0e-9eb5-0989521cd1ca",\r\n  "timestamp" : 1618721771536,\r\n  "senderId" : "SLKB",\r\n  "receiverId" : "PSW",\r\n  "processingCode" : "03",\r\n  "methodId" : "1536",\r\n  "signature" : "SLKB_SIGNATURE_ABCBC",\r\n  "data" : {\r\n    "tradeTranType" : "02",\r\n    "traderNTN" : "0425425",\r\n    "traderName" : "Schlumberger Seaco Inc.",\r\n    "finInsUniqueNumber" : "2009LCS3004700PK",\r\n    "bcaBdaUniqueIdNumber" : "95948256321124",\r\n    "gdNumber" : "KPPI-HC-86-03-09-2020",\r\n    "iban" : "PK08ALFH0123000123456789"\r\n  }\r\n}', '2021-04-18 09:56:12', 200, ' BCA/BDA information reversed ', '{\r\n  "messageId" : "a1374655-5eb8-4a0e-9eb5-0989521cd1ca",\r\n  "timestamp" : 1618721771536,\r\n  "senderId" : "SLKB",\r\n  "receiverId" : "SLKB",\r\n  "responseCode" : "200",\r\n  "signature" : "SLKB_SIGNATURE_ABCBC",\r\n  "message" : {\r\n    "code" : "200",\r\n    "description" : " BCA/BDA information reversed "\r\n  },\r\n  "data" : "",\r\n  "methodId" : "1536"\r\n}', '2021-04-18 09:56:12', 'SLKB'),
	(65, '2021-04-18 10:06:31', NULL, '– Settlement of Financial Transaction by AD (Import/Export):', 'PSW', 'POST', '{\r\n  "messageId" : "a1374655-5eb8-4a0e-9eb5-0989521cd1ca",\r\n  "timestamp" : 1618722390913,\r\n  "senderId" : "SLKB",\r\n  "receiverId" : "PSW",\r\n  "processingCode" : "03",\r\n  "methodId" : "1537",\r\n  "signature" : "SLKB_SIGNATURE_ABCBC",\r\n  "data" : {\r\n    "tradeTranType" : "01",\r\n    "traderNTN" : "0425426",\r\n    "traderName" : "Schlumberger Seaco Inc.",\r\n    "finInsUniqueNumber" : "2009LCS3004700PK",\r\n    "bcaBdaUniqueIdNumber" : [ "95948256321124", "95948256321125" ],\r\n    "finInsValue" : 5000.0000,\r\n    "totalValueOfSharedBCABDA" : 5000.0000,\r\n    "balance" : 0.0000,\r\n    "iban" : null\r\n  }\r\n}', '2021-04-18 10:06:31', 200, ' Financial Transaction settled ', '{\r\n  "messageId" : "a1374655-5eb8-4a0e-9eb5-0989521cd1ca",\r\n  "timestamp" : 1618722390913,\r\n  "senderId" : "SLKB",\r\n  "receiverId" : "SLKB",\r\n  "responseCode" : "200",\r\n  "signature" : "SLKB_SIGNATURE_ABCBC",\r\n  "message" : {\r\n    "code" : "200",\r\n    "description" : " Financial Transaction settled "\r\n  },\r\n  "data" : "",\r\n  "methodId" : "1537"\r\n}', '2021-04-18 10:06:31', 'SLKB'),
	(66, '2021-04-18 10:07:25', NULL, '– Settlement of Financial Transaction by AD (Import/Export):', 'PSW', 'POST', '{\r\n  "messageId" : "a1374655-5eb8-4a0e-9eb5-0989521cd1ca",\r\n  "timestamp" : 1618722445154,\r\n  "senderId" : "SLKB",\r\n  "receiverId" : "PSW",\r\n  "processingCode" : "03",\r\n  "methodId" : "1537",\r\n  "signature" : "SLKB_SIGNATURE_ABCBC",\r\n  "data" : {\r\n    "tradeTranType" : "01",\r\n    "traderNTN" : "0425426",\r\n    "traderName" : "Schlumberger Seaco Inc.",\r\n    "finInsUniqueNumber" : "2009LCS3004700PK",\r\n    "bcaBdaUniqueIdNumber" : [ "95948256321124", "95948256321125" ],\r\n    "finInsValue" : 5000.0000,\r\n    "totalValueOfSharedBCABDA" : 5000.0000,\r\n    "balance" : 0.0000,\r\n    "iban" : null\r\n  }\r\n}', '2021-04-18 10:07:25', 200, ' Financial Transaction settled ', '{\r\n  "messageId" : "a1374655-5eb8-4a0e-9eb5-0989521cd1ca",\r\n  "timestamp" : 1618722445154,\r\n  "senderId" : "SLKB",\r\n  "receiverId" : "SLKB",\r\n  "responseCode" : "200",\r\n  "signature" : "SLKB_SIGNATURE_ABCBC",\r\n  "message" : {\r\n    "code" : "200",\r\n    "description" : " Financial Transaction settled "\r\n  },\r\n  "data" : "",\r\n  "methodId" : "1537"\r\n}', '2021-04-18 10:07:25', 'SLKB'),
	(67, '2021-04-18 10:11:23', NULL, 'Cancellation of Financial Transaction by AD (Import/Export)', 'PSW', 'POST', '{\r\n  "messageId" : "a1374655-5eb8-4a0e-9eb5-0989521cd1ca",\r\n  "timestamp" : 1618722683135,\r\n  "senderId" : "SLKB",\r\n  "receiverId" : "PSW",\r\n  "processingCode" : "03",\r\n  "methodId" : "1535",\r\n  "signature" : "SLKB_SIGNATURE_ABCBC",\r\n  "data" : {\r\n    "tradeTranType" : "01",\r\n    "traderNTN" : "0425426",\r\n    "traderName" : "Schlumberger Seaco Inc.",\r\n    "finInsUniqueNumber" : "2009LCS3004700PK",\r\n    "iban" : "PK71NIBP0000000013343861"\r\n  }\r\n}', '2021-04-18 10:11:23', 200, ' Financial transaction cancelled ', '{\r\n  "messageId" : "a1374655-5eb8-4a0e-9eb5-0989521cd1ca",\r\n  "timestamp" : 1618722683135,\r\n  "senderId" : "SLKB",\r\n  "receiverId" : "SLKB",\r\n  "responseCode" : "200",\r\n  "signature" : "SLKB_SIGNATURE_ABCBC",\r\n  "message" : {\r\n    "code" : "200",\r\n    "description" : " Financial transaction cancelled "\r\n  },\r\n  "data" : "",\r\n  "methodId" : "1535"\r\n}', '2021-04-18 10:11:23', 'SLKB');
/*!40000 ALTER TABLE `log_request` ENABLE KEYS */;

-- Dumping structure for table adc.payment_information
CREATE TABLE IF NOT EXISTS `payment_information` (
  `id` bigint(20) NOT NULL AUTO_INCREMENT,
  `fin_transaction_id` bigint(20) NOT NULL,
  `beneficiary_address` varchar(300) NOT NULL,
  `beneficiary_country` varchar(3) NOT NULL,
  `beneficiary_iban` varchar(24) DEFAULT NULL,
  `beneficiary_name` varchar(100) NOT NULL,
  `delivery_terms` varchar(3) NOT NULL,
  `exchange_rate` decimal(24,4) NOT NULL,
  `exporter_address` varchar(300) NOT NULL,
  `exporter_country` varchar(3) NOT NULL,
  `exporter_name` varchar(100) NOT NULL,
  `invoice_currency` varchar(3) NOT NULL,
  `lc_contract_no` varchar(30) DEFAULT NULL,
  `port_of_shipment` varchar(10) DEFAULT NULL,
  `total_invoice_value` decimal(24,4) NOT NULL,
  `assessed_value_usd` decimal(19,4) DEFAULT NULL,
  `cfr_value_usd` decimal(19,4) DEFAULT NULL,
  `fob_value_usd` decimal(19,4) DEFAULT NULL,
  `freight_usd` decimal(19,4) DEFAULT NULL,
  `insurance_ussd` decimal(19,4) DEFAULT NULL,
  `invoice_date` datetime(6) NOT NULL,
  `invoice_num` varchar(30) NOT NULL,
  `landing_charges_usd` decimal(19,4) DEFAULT NULL,
  `other_charges` decimal(19,4) DEFAULT NULL,
  `delivery_term` varchar(3) NOT NULL,
  `port_of_discharge` varchar(10) DEFAULT NULL,
  `total_value_of_shipment` decimal(24,4) DEFAULT NULL,
  PRIMARY KEY (`id`),
  KEY `FKiriarxcnhfjnddpwe2ek2tn5x` (`fin_transaction_id`),
  CONSTRAINT `FKiriarxcnhfjnddpwe2ek2tn5x` FOREIGN KEY (`fin_transaction_id`) REFERENCES `financial_transaction` (`id`)
) ENGINE=InnoDB AUTO_INCREMENT=3 DEFAULT CHARSET=utf8;

-- Dumping data for table adc.payment_information: ~1 rows (approximately)
/*!40000 ALTER TABLE `payment_information` DISABLE KEYS */;
REPLACE INTO `payment_information` (`id`, `fin_transaction_id`, `beneficiary_address`, `beneficiary_country`, `beneficiary_iban`, `beneficiary_name`, `delivery_terms`, `exchange_rate`, `exporter_address`, `exporter_country`, `exporter_name`, `invoice_currency`, `lc_contract_no`, `port_of_shipment`, `total_invoice_value`, `assessed_value_usd`, `cfr_value_usd`, `fob_value_usd`, `freight_usd`, `insurance_ussd`, `invoice_date`, `invoice_num`, `landing_charges_usd`, `other_charges`, `delivery_term`, `port_of_discharge`, `total_value_of_shipment`) VALUES
	(1, 1, '122 M Amir trade center , Allama Iqbal Road? SITE first   Floor', 'PAK', 'PK35ASCM0000121234567890', 'John Doe', 'CFR', 160.0000, 'Jabel Omar, Building No. 244, 26th Floor, Abu Dhabi, UAE', 'FRA', 'New Supplier', 'USD', '2009LCS2004800PK', 'AEDXB', 5000.0002, NULL, NULL, NULL, NULL, NULL, '2020-12-20 00:00:00.000000', 'asdsad', NULL, NULL, '', NULL, NULL),
	(2, 2, '122 M Amir trade center , Allama Iqbal Road? SITE first   Floor', 'PAK', 'PK35ASCM0000121234567890', 'John Doe', 'CFR', 160.0000, 'Jabel Omar, Building No. 244, 26th Floor, Abu Dhabi, UAE', 'FRA', 'New Supplier', 'USD', '2009LCS2004800PK', 'AEDXB', 5000.0002, NULL, NULL, NULL, NULL, NULL, '2021-01-20 00:00:00.000000', 'asdasd', NULL, NULL, 'CFR', 'AEDXB', 5000.0000);
/*!40000 ALTER TABLE `payment_information` ENABLE KEYS */;

-- Dumping structure for table adc.restricted_commodities
CREATE TABLE IF NOT EXISTS `restricted_commodities` (
  `id` bigint(20) NOT NULL AUTO_INCREMENT,
  `code` varchar(14) NOT NULL,
  `type` varchar(255) NOT NULL,
  `account_id` bigint(20) NOT NULL,
  PRIMARY KEY (`id`),
  KEY `FKje9r5efu8cbb2p2mw7fpfp1qp` (`account_id`),
  CONSTRAINT `FKje9r5efu8cbb2p2mw7fpfp1qp` FOREIGN KEY (`account_id`) REFERENCES `account_detail` (`id`)
) ENGINE=InnoDB AUTO_INCREMENT=6 DEFAULT CHARSET=utf8;

-- Dumping data for table adc.restricted_commodities: ~4 rows (approximately)
/*!40000 ALTER TABLE `restricted_commodities` DISABLE KEYS */;
REPLACE INTO `restricted_commodities` (`id`, `code`, `type`, `account_id`) VALUES
	(1, '4814.2000', 'IMPORT', 2),
	(2, '6006.3110', 'IMPORT', 2),
	(3, '7406.1000', 'IMPORT', 2),
	(4, '8305.1000', 'EXPORT', 2),
	(5, '9021.3100', 'EXPORT', 2);
/*!40000 ALTER TABLE `restricted_commodities` ENABLE KEYS */;

-- Dumping structure for table adc.restricted_countries
CREATE TABLE IF NOT EXISTS `restricted_countries` (
  `id` bigint(20) NOT NULL AUTO_INCREMENT,
  `type` varchar(255) NOT NULL,
  `account_id` bigint(20) NOT NULL,
  `country_id` bigint(20) NOT NULL,
  PRIMARY KEY (`id`),
  KEY `FKpjhbf22kix3bwk2bs8832t31o` (`account_id`),
  KEY `FK1amxwry0747kgo2jio2dvb5ut` (`country_id`),
  CONSTRAINT `FK1amxwry0747kgo2jio2dvb5ut` FOREIGN KEY (`country_id`) REFERENCES `country` (`id`),
  CONSTRAINT `FKpjhbf22kix3bwk2bs8832t31o` FOREIGN KEY (`account_id`) REFERENCES `account_detail` (`id`)
) ENGINE=InnoDB AUTO_INCREMENT=6 DEFAULT CHARSET=utf8;

-- Dumping data for table adc.restricted_countries: ~4 rows (approximately)
/*!40000 ALTER TABLE `restricted_countries` DISABLE KEYS */;
REPLACE INTO `restricted_countries` (`id`, `type`, `account_id`, `country_id`) VALUES
	(1, 'EXPORT', 1, 1),
	(2, 'IMPORT', 1, 1),
	(3, 'IMPORT', 1, 2),
	(4, 'IMPORT', 1, 3),
	(5, 'EXPORT', 2, 4);
/*!40000 ALTER TABLE `restricted_countries` ENABLE KEYS */;

-- Dumping structure for table adc.restricted_suppliers
CREATE TABLE IF NOT EXISTS `restricted_suppliers` (
  `id` bigint(20) NOT NULL AUTO_INCREMENT,
  `name` varchar(100) NOT NULL,
  `type` varchar(255) NOT NULL,
  `account_id` bigint(20) NOT NULL,
  PRIMARY KEY (`id`),
  KEY `FKn7oh0ic1qajna1dkbsxa4128r` (`account_id`),
  CONSTRAINT `FKn7oh0ic1qajna1dkbsxa4128r` FOREIGN KEY (`account_id`) REFERENCES `account_detail` (`id`)
) ENGINE=InnoDB AUTO_INCREMENT=7 DEFAULT CHARSET=utf8;

-- Dumping data for table adc.restricted_suppliers: ~6 rows (approximately)
/*!40000 ALTER TABLE `restricted_suppliers` DISABLE KEYS */;
REPLACE INTO `restricted_suppliers` (`id`, `name`, `type`, `account_id`) VALUES
	(1, 'Jonas limited liability corporation (LLC)', 'IMPORT', 2),
	(2, 'Ali Corporations Ltd', 'IMPORT', 2),
	(3, 'Ali Corporations Ltd', 'EXPORT', 1),
	(4, 'Magnas Group of Companies', 'EXPORT', 2),
	(5, 'Global Pharma Pvt. Ltd.', 'EXPORT', 2),
	(6, 'Magnas Group of Companies', 'IMPORT', 1);
/*!40000 ALTER TABLE `restricted_suppliers` ENABLE KEYS */;

-- Dumping structure for table adc.user
CREATE TABLE IF NOT EXISTS `user` (
  `id` bigint(20) NOT NULL AUTO_INCREMENT,
  `is_active` bit(1) DEFAULT NULL,
  `password` varchar(255) DEFAULT NULL,
  `username` varchar(255) DEFAULT NULL,
  PRIMARY KEY (`id`) USING BTREE
) ENGINE=InnoDB AUTO_INCREMENT=2 DEFAULT CHARSET=utf8 ROW_FORMAT=DYNAMIC;

-- Dumping data for table adc.user: ~0 rows (approximately)
/*!40000 ALTER TABLE `user` DISABLE KEYS */;
REPLACE INTO `user` (`id`, `is_active`, `password`, `username`) VALUES
	(1, b'1', '$2a$10$1sjIBJJ9d2zltVnM.8nU6eXU3RNvAGSJ91nls.xhdAAsCURqVP/aS', 'info@ad.com');
/*!40000 ALTER TABLE `user` ENABLE KEYS */;

/*!40101 SET SQL_MODE=IFNULL(@OLD_SQL_MODE, '') */;
/*!40014 SET FOREIGN_KEY_CHECKS=IFNULL(@OLD_FOREIGN_KEY_CHECKS, 1) */;
/*!40101 SET CHARACTER_SET_CLIENT=@OLD_CHARACTER_SET_CLIENT */;
/*!40111 SET SQL_NOTES=IFNULL(@OLD_SQL_NOTES, 1) */;
